Time,PM2.5,PM10
2024-09-07 00:00:00,2.7777777777777772,14.777777777777777
2024-09-07 00:30:00,3.1333333333333333,14.333333333333334
2024-09-07 01:00:00,3.9000000000000004,14.344444444444443
2024-09-07 01:30:00,3.922222222222222,14.444444444444445
2024-09-07 02:00:00,3.5722222222222215,14.733333333333334
2024-09-07 02:30:00,3.6,16.333333333333332
2024-09-07 03:00:00,3.477777777777778,14.28888888888889
2024-09-07 03:30:00,3.355555555555556,18.222222222222218
2024-09-07 04:00:00,3.272222222222222,17.222222222222225
2024-09-07 04:30:00,3.277777777777778,17.11111111111111
2024-09-07 05:00:00,3.5666666666666664,14.28888888888889
2024-09-07 05:30:00,3.6444444444444444,17.666666666666668
2024-09-07 06:00:00,3.722222222222222,19.555555555555557
2024-09-07 06:30:00,3.9555555555555553,16.666666666666668
2024-09-07 07:00:00,3.788888888888889,15.444444444444443
2024-09-07 07:30:00,3.6777777777777776,16.11111111111111
2024-09-07 08:00:00,3.9222222222222225,18.833333333333332
2024-09-07 08:30:00,4.388888888888889,20.111111111111114
2024-09-07 09:00:00,4.466666666666666,20.111111111111114
2024-09-07 09:30:00,4.177777777777778,16.48888888888889
2024-09-07 10:00:00,4.1499999999999995,19.0
2024-09-07 10:30:00,4.355555555555555,18.555555555555557
2024-09-07 11:00:00,4.105555555555555,19.777777777777775
2024-09-07 11:30:00,3.633333333333333,18.655555555555555
2024-09-07 12:00:00,4.327777777777778,19.166666666666668
2024-09-07 12:30:00,3.4333333333333336,13.133333333333333
2024-09-07 13:00:00,3.466666666666667,14.333333333333334
2024-09-07 13:30:00,4.233333333333333,18.5
2024-09-07 14:00:00,3.9388888888888887,18.333333333333332
2024-09-07 14:30:00,3.8111111111111113,18.0
2024-09-07 15:00:00,4.1000000000000005,18.777777777777775
2024-09-07 15:30:00,4.333333333333333,17.555555555555557
2024-09-07 16:00:00,4.633333333333334,17.77777777777778
2024-09-07 16:30:00,4.644444444444445,16.38888888888889
2024-09-07 17:00:00,5.111111111111112,16.9
2024-09-07 17:30:00,5.48888888888889,18.54444444444444
2024-09-07 18:00:00,6.222222222222222,22.333333333333332
2024-09-07 18:30:00,5.577777777777778,19.777777777777782
2024-09-07 19:00:00,6.211111111111111,22.222222222222225
2024-09-07 19:30:00,6.433333333333334,23.666666666666668
2024-09-07 20:00:00,7.133333333333333,26.333333333333332
2024-09-07 20:30:00,7.177777777777777,24.777777777777775
2024-09-07 21:00:00,6.544444444444444,25.11111111111111
2024-09-07 21:30:00,6.666666666666667,24.888888888888886
2024-09-07 22:00:00,6.400000000000001,27.555555555555557
2024-09-07 22:30:00,5.688888888888889,26.777777777777775
2024-09-07 23:00:00,5.588888888888889,23.222222222222225
2024-09-07 23:30:00,5.3500000000000005,24.611111111111114
2024-09-08 00:00:00,5.288888888888889,24.222222222222225
2024-09-08 00:30:00,5.222222222222222,24.277777777777782
2024-09-08 01:00:00,5.1000000000000005,26.444444444444443
2024-09-08 01:30:00,5.033333333333333,22.555555555555557
2024-09-08 02:00:00,5.044444444444444,23.444444444444443
2024-09-08 02:30:00,5.111111111111112,26.333333333333332
2024-09-08 03:00:00,5.033333333333334,24.666666666666668
2024-09-08 03:30:00,5.722222222222222,24.888888888888886
2024-09-08 04:00:00,5.766666666666666,24.555555555555557
2024-09-08 04:30:00,5.8999999999999995,25.222222222222225
2024-09-08 05:00:00,5.788888888888889,24.444444444444443
2024-09-08 05:30:00,5.7,24.555555555555554
2024-09-08 06:00:00,5.833333333333333,22.555555555555557
2024-09-08 06:30:00,6.072222222222223,24.88888888888889
2024-09-08 07:00:00,5.855555555555555,24.666666666666668
2024-09-08 07:30:00,5.7444444444444445,26.444444444444443
2024-09-08 08:00:00,5.5555555555555545,24.555555555555557
2024-09-08 08:30:00,6.044444444444444,30.333333333333332
2024-09-08 09:00:00,5.922222222222222,30.777777777777782
2024-09-08 09:30:00,6.022222222222223,28.944444444444443
2024-09-08 10:00:00,6.0055555555555555,28.11111111111111
2024-09-08 10:30:00,5.7444444444444445,26.11111111111111
2024-09-08 11:00:00,5.888888888888888,32.333333333333336
2024-09-08 11:30:00,6.183333333333334,31.833333333333332
2024-09-08 12:00:00,5.433333333333334,26.777777777777782
2024-09-08 12:30:00,5.922222222222223,32.11111111111111
2024-09-08 13:00:00,6.5,34.77777777777778
2024-09-08 13:30:00,5.822222222222223,31.777777777777782
2024-09-08 14:00:00,5.811111111111111,29.777777777777782
2024-09-08 14:30:00,5.633333333333334,30.444444444444446
2024-09-08 15:00:00,5.944444444444444,28.0
2024-09-08 15:30:00,6.027777777777778,30.722222222222225
2024-09-08 16:00:00,6.211111111111111,32.55555555555556
2024-09-08 16:30:00,6.166666666666667,33.333333333333336
2024-09-08 17:00:00,5.888888888888889,31.444444444444443
2024-09-08 17:30:00,5.922222222222222,30.88888888888889
2024-09-08 18:00:00,6.188888888888889,33.55555555555555
2024-09-08 18:30:00,5.538888888888889,32.0
2024-09-08 19:00:00,5.488888888888888,32.55555555555555
2024-09-08 19:30:00,5.988888888888888,28.0
2024-09-08 20:00:00,6.211111111111111,30.111111111111114
2024-09-08 20:30:00,6.111111111111111,32.0
2024-09-08 21:00:00,5.6000000000000005,28.222222222222225
2024-09-08 21:30:00,4.177777777777778,22.222222222222225
2024-09-08 22:00:00,3.422222222222222,21.333333333333332
2024-09-08 22:30:00,1.9833333333333334,10.311111111111112
2024-09-08 23:00:00,2.283333333333333,13.116666666666667
2024-09-08 23:30:00,2.4777777777777774,12.0
2024-09-09 00:00:00,2.1777777777777776,12.644444444444446
2024-09-09 00:30:00,2.1222222222222222,10.655555555555557
2024-09-09 01:00:00,2.055555555555556,8.588888888888889
2024-09-09 01:30:00,2.255555555555555,13.022222222222224
2024-09-09 02:00:00,2.3222222222222215,13.544444444444444
2024-09-09 02:30:00,2.8000000000000003,16.0
2024-09-09 03:00:00,2.9777777777777774,18.188888888888894
2024-09-09 03:30:00,3.011111111111111,18.444444444444446
2024-09-09 04:00:00,3.5,21.27777777777778
2024-09-09 04:30:00,3.9666666666666672,25.88888888888889
2024-09-09 05:00:00,3.266666666666667,20.222222222222225
2024-09-09 05:30:00,2.511111111111111,14.755555555555555
2024-09-09 06:00:00,2.066666666666667,11.6
2024-09-09 06:30:00,1.6000000000000003,9.355555555555556
2024-09-09 07:00:00,1.5111111111111113,7.611111111111111
2024-09-09 07:30:00,1.7555555555555555,9.466666666666667
2024-09-09 08:00:00,1.5999999999999999,8.911111111111111
2024-09-09 08:30:00,2.111111111111111,11.577777777777778
2024-09-09 09:00:00,1.6888888888888889,8.555555555555557
2024-09-09 09:30:00,1.4888888888888887,6.8
2024-09-09 10:00:00,1.6888888888888889,8.611111111111112
2024-09-09 10:30:00,1.277777777777778,6.655555555555556
2024-09-09 11:00:00,1.1444444444444446,5.999999999999999
2024-09-09 11:30:00,3.422222222222222,23.38888888888889
2024-09-09 12:00:00,1.311111111111111,7.588888888888889
2024-09-09 12:30:00,1.611111111111111,9.933333333333335
2024-09-09 13:00:00,1.2,7.622222222222223
2024-09-09 13:30:00,1.011111111111111,5.2
2024-09-09 14:00:00,1.1111111111111112,5.766666666666667
2024-09-09 14:30:00,0.9333333333333332,4.633333333333334
2024-09-09 15:00:00,0.9944444444444445,4.588888888888889
2024-09-09 15:30:00,1.0888888888888888,6.444444444444444
2024-09-09 16:00:00,1.0555555555555556,5.144444444444445
2024-09-09 16:30:00,1.0444444444444445,5.388888888888889
2024-09-09 17:00:00,1.2111111111111112,5.111111111111112
2024-09-09 17:30:00,1.3111111111111111,4.066666666666666
2024-09-09 18:00:00,1.2777777777777777,5.1000000000000005
2024-09-09 18:30:00,1.2444444444444445,6.122222222222221
2024-09-09 19:00:00,1.5333333333333334,7.0
2024-09-09 19:30:00,1.8777777777777775,8.355555555555556
2024-09-09 20:00:00,1.7833333333333334,7.55
2024-09-09 20:30:00,2.222222222222222,9.922222222222222
2024-09-09 21:00:00,2.088888888888889,7.733333333333333
2024-09-09 21:30:00,2.4,9.522222222222222
2024-09-09 22:00:00,2.488888888888889,10.077777777777778
2024-09-09 22:30:00,2.466666666666667,8.700000000000001
2024-09-09 23:00:00,2.6666666666666665,9.677777777777777
2024-09-09 23:30:00,3.1444444444444444,11.844444444444443
2024-09-10 00:00:00,3.3111111111111113,11.5
2024-09-10 00:30:00,3.255555555555556,13.28888888888889
2024-09-10 01:00:00,3.233333333333333,11.422222222222222
2024-09-10 01:30:00,3.1888888888888887,10.755555555555555
2024-09-10 02:00:00,3.3333333333333335,11.0
2024-09-10 02:30:00,3.3333333333333335,11.922222222222222
2024-09-10 03:00:00,3.3555555555555556,12.0
2024-09-10 03:30:00,3.377777777777778,13.666666666666666
2024-09-10 04:00:00,3.5888888888888886,13.855555555555554
2024-09-10 04:30:00,3.511111111111111,14.777777777777777
2024-09-10 05:00:00,3.222222222222222,12.322222222222223
2024-09-10 05:30:00,3.1333333333333333,12.111111111111112
2024-09-10 06:00:00,3.233333333333333,12.077777777777778
2024-09-10 06:30:00,3.1777777777777776,12.733333333333333
2024-09-10 07:00:00,3.3444444444444446,12.888888888888888
2024-09-10 07:30:00,3.3888888888888893,15.0
2024-09-10 08:00:00,3.4666666666666672,13.744444444444445
2024-09-10 08:30:00,4.3,26.777777777777782
2024-09-10 09:00:00,3.922222222222222,17.444444444444446
2024-09-10 09:30:00,3.788888888888889,14.555555555555555
2024-09-10 10:00:00,3.3555555555555556,15.333333333333334
2024-09-10 10:30:00,3.4666666666666663,15.222222222222221
2024-09-10 11:00:00,3.2222222222222228,13.177777777777777
2024-09-10 11:30:00,3.366666666666667,10.744444444444445
2024-09-10 12:00:00,3.3000000000000003,13.18888888888889
2024-09-10 12:30:00,3.244444444444444,13.888888888888888
2024-09-10 13:00:00,3.2222222222222228,12.12222222222222
2024-09-10 13:30:00,3.233333333333333,10.888888888888888
2024-09-10 14:00:00,3.3333333333333335,11.644444444444446
2024-09-10 14:30:00,3.211111111111111,10.81111111111111
2024-09-10 15:00:00,2.8333333333333335,8.388888888888888
2024-09-10 15:30:00,2.744444444444445,9.5
2024-09-10 16:00:00,2.588888888888889,11.011111111111113
2024-09-10 16:30:00,2.522222222222222,7.877777777777777
2024-09-10 17:00:00,2.7888888888888883,9.988888888888889
2024-09-10 17:30:00,2.9444444444444446,10.055555555555555
2024-09-10 18:00:00,2.488888888888889,8.244444444444445
2024-09-10 18:30:00,2.266666666666667,9.188888888888888
2024-09-10 19:00:00,2.338888888888889,11.811111111111112
2024-09-10 19:30:00,2.5555555555555554,11.011111111111111
2024-09-10 20:00:00,3.1,11.255555555555555
2024-09-10 20:30:00,2.6555555555555563,9.644444444444444
2024-09-10 21:00:00,2.611111111111111,10.71111111111111
2024-09-10 21:30:00,3.711111111111111,13.388888888888891
2024-09-10 22:00:00,4.1000000000000005,15.011111111111111
2024-09-10 22:30:00,4.027777777777778,14.855555555555556
2024-09-10 23:00:00,3.0444444444444443,11.427777777777777
2024-09-10 23:30:00,2.466666666666667,9.144444444444444
2024-09-11 00:00:00,2.3222222222222224,8.755555555555555
2024-09-11 00:30:00,2.3555555555555556,8.311111111111112
2024-09-11 01:00:00,3.388888888888889,11.699999999999998
2024-09-11 01:30:00,2.3777777777777778,9.866666666666665
2024-09-11 02:00:00,2.011111111111111,8.611111111111112
2024-09-11 02:30:00,2.083333333333333,10.155555555555555
2024-09-11 03:00:00,2.0444444444444443,9.28888888888889
2024-09-11 03:30:00,1.8666666666666665,7.3999999999999995
2024-09-11 04:00:00,1.9555555555555555,9.255555555555555
2024-09-11 04:30:00,1.9166666666666667,8.933333333333332
2024-09-11 05:00:00,2.111111111111111,11.011111111111111
2024-09-11 05:30:00,1.9777777777777779,7.855555555555555
2024-09-11 06:00:00,2.0611111111111113,9.044444444444444
2024-09-11 06:30:00,2.0555555555555554,8.566666666666668
2024-09-11 07:00:00,2.1666666666666665,9.944444444444445
2024-09-11 07:30:00,2.611111111111111,11.777777777777777
2024-09-11 08:00:00,2.3444444444444446,9.9
2024-09-11 08:30:00,2.633333333333333,10.888888888888891
2024-09-11 09:00:00,2.6444444444444444,14.022222222222224
2024-09-11 09:30:00,2.911111111111111,13.511111111111111
2024-09-11 10:00:00,3.144444444444444,13.533333333333331
2024-09-11 10:30:00,2.8000000000000003,11.677777777777777
2024-09-11 11:00:00,2.288888888888889,9.21111111111111
2024-09-11 11:30:00,2.15,9.655555555555555
2024-09-11 12:00:00,2.1999999999999997,8.799999999999999
2024-09-11 12:30:00,2.2222222222222228,7.277777777777778
2024-09-11 13:00:00,2.5500000000000003,9.55
2024-09-11 13:30:00,3.15,11.566666666666668
2024-09-11 14:00:00,2.766666666666667,10.6
2024-09-11 14:30:00,2.444444444444444,10.077777777777778
2024-09-11 15:00:00,2.8000000000000003,11.177777777777777
2024-09-11 15:30:00,2.772222222222222,13.222222222222223
2024-09-11 16:00:00,3.0888888888888886,12.566666666666668
2024-09-11 16:30:00,2.8166666666666664,11.127777777777778
2024-09-11 17:00:00,3.0888888888888886,10.822222222222221
2024-09-11 17:30:00,2.922222222222222,11.927777777777777
2024-09-11 18:00:00,2.255555555555555,8.011111111111111
2024-09-11 18:30:00,3.266666666666667,12.633333333333333
2024-09-11 19:00:00,2.755555555555556,10.388888888888888
2024-09-11 19:30:00,2.744444444444444,10.733333333333334
2024-09-11 20:00:00,2.8666666666666667,11.449999999999998
2024-09-11 20:30:00,3.0555555555555554,12.155555555555557
2024-09-11 21:00:00,3.0555555555555554,14.444444444444445
2024-09-11 21:30:00,2.777777777777778,16.222222222222225
2024-09-11 22:00:00,2.7222222222222228,14.833333333333334
2024-09-11 22:30:00,2.7222222222222228,14.055555555555557
2024-09-11 23:00:00,6.077777777777778,17.666666666666668
2024-09-11 23:30:00,6.277777777777778,18.0
2024-09-12 00:00:00,3.0555555555555554,14.0
2024-09-12 00:30:00,3.244444444444444,14.911111111111111
2024-09-12 01:00:00,3.3000000000000003,13.544444444444444
2024-09-12 01:30:00,4.4444444444444455,18.222222222222218
2024-09-12 02:00:00,3.488888888888889,14.0
2024-09-12 02:30:00,3.6888888888888887,13.71111111111111
2024-09-12 03:00:00,3.466666666666667,13.0
2024-09-12 03:30:00,3.722222222222222,12.97777777777778
2024-09-12 04:00:00,3.566666666666667,12.588888888888889
2024-09-12 04:30:00,3.5999999999999996,14.222222222222221
2024-09-12 05:00:00,3.711111111111111,14.111111111111112
2024-09-12 05:30:00,2.8444444444444446,10.811111111111112
2024-09-12 06:00:00,2.622222222222222,9.533333333333333
2024-09-12 06:30:00,2.3111111111111113,8.455555555555554
2024-09-12 07:00:00,2.1666666666666665,8.455555555555556
2024-09-12 07:30:00,2.2222222222222223,10.077777777777778
2024-09-12 08:00:00,2.466666666666667,9.444444444444445
2024-09-12 08:30:00,2.0555555555555554,8.744444444444445
2024-09-12 09:00:00,2.033333333333333,8.755555555555555
2024-09-12 09:30:00,1.6888888888888889,7.277777777777779
2024-09-12 10:00:00,1.2555555555555555,4.98888888888889
2024-09-12 10:30:00,1.3666666666666665,5.377777777777777
2024-09-12 11:00:00,1.4333333333333333,4.355555555555555
2024-09-12 11:30:00,1.5111111111111113,6.011111111111112
2024-09-12 12:00:00,1.3,3.8333333333333326
2024-09-12 12:30:00,1.5555555555555556,4.844444444444444
2024-09-12 13:00:00,1.7333333333333334,6.422222222222222
2024-09-12 13:30:00,2.3777777777777778,6.888888888888889
2024-09-12 14:00:00,2.033333333333333,6.277777777777779
2024-09-12 14:30:00,1.8111111111111111,6.7
2024-09-12 15:00:00,1.8,5.677777777777777
2024-09-12 15:30:00,1.5888888888888888,4.866666666666666
2024-09-12 16:00:00,1.8222222222222222,5.655555555555556
2024-09-12 16:30:00,2.1666666666666665,6.522222222222222
2024-09-12 17:00:00,1.4333333333333333,5.133333333333334
2024-09-12 17:30:00,1.0555555555555556,4.477777777777778
2024-09-12 18:00:00,0.4277777777777778,1.5833333333333333
2024-09-12 18:30:00,0.5499999999999999,3.533333333333333
2024-09-12 19:00:00,0.5166666666666666,2.1666666666666665
2024-09-12 19:30:00,0.6888888888888888,2.4555555555555557
2024-09-12 20:00:00,0.8222222222222223,3.0444444444444447
2024-09-12 20:30:00,0.5777777777777778,1.4555555555555557
2024-09-12 21:00:00,0.888888888888889,1.9555555555555555
2024-09-12 21:30:00,0.9,2.5444444444444447
2024-09-12 22:00:00,0.6666666666666669,1.5444444444444445
2024-09-12 22:30:00,0.6555555555555556,2.788888888888889
2024-09-12 23:00:00,0.7000000000000001,1.9777777777777776
2024-09-12 23:30:00,0.9222222222222224,3.0722222222222224
2024-09-13 00:00:00,0.888888888888889,3.7222222222222228
2024-09-13 00:30:00,0.9222222222222222,4.111111111111111
2024-09-13 01:00:00,1.222222222222222,6.455555555555556
2024-09-13 01:30:00,1.5999999999999999,7.51111111111111
2024-09-13 02:00:00,1.5333333333333332,8.222222222222221
2024-09-13 02:30:00,1.4444444444444444,8.1
2024-09-13 03:00:00,1.5888888888888888,8.888888888888888
2024-09-13 03:30:00,1.9111111111111108,9.3
2024-09-13 04:00:00,1.8111111111111111,10.644444444444444
2024-09-13 04:30:00,1.6555555555555557,9.488888888888887
2024-09-13 05:00:00,1.9222222222222223,11.28888888888889
2024-09-13 05:30:00,1.8555555555555554,10.833333333333334
2024-09-13 06:00:00,1.8333333333333333,10.1
2024-09-13 06:30:00,1.8666666666666665,11.233333333333333
2024-09-13 07:00:00,1.7111111111111112,8.855555555555556
2024-09-13 07:30:00,1.4777777777777779,8.855555555555556
2024-09-13 08:00:00,1.5888888888888888,9.955555555555556
2024-09-13 08:30:00,1.6000000000000003,9.677777777777777
2024-09-13 09:00:00,1.722222222222222,8.955555555555557
2024-09-13 09:30:00,1.1777777777777778,7.188888888888889
2024-09-13 10:00:00,1.3888888888888886,8.444444444444445
2024-09-13 10:30:00,1.3777777777777775,7.333333333333333
2024-09-13 11:00:00,1.288888888888889,8.250000000000002
2024-09-13 11:30:00,1.4500000000000002,5.8
2024-09-13 12:00:00,1.4833333333333332,8.6
2024-09-13 12:30:00,1.8500000000000003,12.0
2024-09-13 13:00:00,1.3166666666666667,7.2
2024-09-13 13:30:00,1.5166666666666666,7.583333333333333
2024-09-13 14:00:00,1.2333333333333334,6.844444444444444
2024-09-13 14:30:00,1.4222222222222218,7.544444444444444
2024-09-13 15:00:00,1.5222222222222221,7.722222222222222
2024-09-13 15:30:00,1.4222222222222223,8.200000000000001
2024-09-13 16:00:00,1.3444444444444443,5.644444444444443
2024-09-13 16:30:00,1.2333333333333334,7.355555555555555
2024-09-13 17:00:00,1.388888888888889,8.311111111111112
2024-09-13 17:30:00,1.4111111111111112,7.788888888888889
2024-09-13 18:00:00,1.7111111111111112,9.02222222222222
2024-09-13 18:30:00,1.777777777777778,10.133333333333333
2024-09-13 19:00:00,2.011111111111111,12.044444444444444
2024-09-13 19:30:00,1.7777777777777777,10.722222222222221
2024-09-13 20:00:00,2.1222222222222222,11.255555555555555
2024-09-13 20:30:00,2.022222222222222,9.955555555555556
2024-09-13 21:00:00,1.711111111111111,9.411111111111113
2024-09-13 21:30:00,2.011111111111111,11.81111111111111
2024-09-13 22:00:00,1.7555555555555558,10.477777777777778
2024-09-13 22:30:00,1.8,9.68888888888889
2024-09-13 23:00:00,1.6888888888888889,9.077777777777778
2024-09-13 23:30:00,1.8111111111111111,9.444444444444445
2024-09-14 00:00:00,2.0,10.177777777777777
2024-09-14 00:30:00,1.4333333333333333,8.644444444444444
2024-09-14 01:00:00,1.55,9.11111111111111
2024-09-14 01:30:00,1.3611111111111114,9.766666666666666
2024-09-14 02:00:00,1.6666666666666667,8.494444444444445
2024-09-14 02:30:00,1.622222222222222,10.488888888888889
2024-09-14 03:00:00,1.5999999999999999,8.222222222222223
2024-09-14 03:30:00,1.5999999999999999,9.600000000000001
2024-09-14 04:00:00,1.777777777777778,10.377777777777778
2024-09-14 04:30:00,1.6666666666666667,9.133333333333333
2024-09-14 05:00:00,1.5444444444444445,7.8
2024-09-14 05:30:00,1.7999999999999998,10.011111111111111
2024-09-14 06:00:00,1.5666666666666667,9.244444444444445
2024-09-14 06:30:00,1.5611111111111111,8.1
2024-09-14 07:00:00,2.211111111111111,11.244444444444445
2024-09-14 07:30:00,2.1444444444444444,11.144444444444446
2024-09-14 08:00:00,1.7833333333333334,8.177777777777779
2024-09-14 08:30:00,1.9000000000000001,8.822222222222223
2024-09-14 09:00:00,1.972222222222222,10.450000000000001
2024-09-14 09:30:00,2.2111111111111112,11.700000000000001
2024-09-14 10:00:00,1.8777777777777775,10.455555555555556
2024-09-14 10:30:00,1.7333333333333334,9.144444444444446
2024-09-14 11:00:00,1.7444444444444442,8.833333333333334
2024-09-14 11:30:00,1.7333333333333334,7.277777777777779
2024-09-14 12:00:00,1.4333333333333333,8.983333333333333
2024-09-14 12:30:00,1.7,9.133333333333333
2024-09-14 13:00:00,1.4666666666666668,7.294444444444444
2024-09-14 13:30:00,1.788888888888889,6.161111111111111
2024-09-14 14:00:00,1.1666666666666667,6.194444444444444
2024-09-14 14:30:00,1.2333333333333332,6.555555555555556
2024-09-14 15:00:00,1.3444444444444443,7.0
2024-09-14 15:30:00,1.2666666666666666,7.8
2024-09-14 16:00:00,1.4833333333333334,7.3999999999999995
2024-09-14 16:30:00,1.4555555555555557,6.922222222222222
2024-09-14 17:00:00,1.3055555555555556,6.3999999999999995
2024-09-14 17:30:00,1.2111111111111112,5.488888888888888
2024-09-14 18:00:00,1.3111111111111111,5.944444444444444
2024-09-14 18:30:00,1.527777777777778,9.855555555555556
2024-09-14 19:00:00,1.5166666666666668,6.888888888888889
2024-09-14 19:30:00,1.5777777777777777,6.811111111111111
2024-09-14 20:00:00,1.5555555555555556,8.244444444444445
2024-09-14 20:30:00,1.5555555555555556,7.044444444444444
2024-09-14 21:00:00,1.6111111111111114,8.944444444444445
2024-09-14 21:30:00,2.6166666666666667,9.65
2024-09-14 22:00:00,2.733333333333333,11.533333333333333
2024-09-14 22:30:00,2.3555555555555556,8.983333333333334
2024-09-14 23:00:00,2.388888888888889,10.872222222222222
2024-09-14 23:30:00,2.5333333333333337,9.827777777777778
2024-09-15 00:00:00,3.005555555555556,10.644444444444444
2024-09-15 00:30:00,2.2444444444444445,9.272222222222222
2024-09-15 01:00:00,1.8,7.716666666666666
2024-09-15 01:30:00,1.8888888888888886,8.477777777777776
2024-09-15 02:00:00,2.3722222222222222,9.411111111111111
2024-09-15 02:30:00,2.1,10.28888888888889
2024-09-15 03:00:00,4.55,10.25
2024-09-15 03:30:00,2.611111111111111,10.222222222222223
2024-09-15 04:00:00,2.0055555555555555,9.333333333333334
2024-09-15 04:30:00,2.283333333333333,12.277777777777777
2024-09-15 05:00:00,2.3833333333333333,10.65
2024-09-15 05:30:00,2.338888888888889,8.444444444444445
2024-09-15 06:00:00,2.022222222222222,7.461111111111111
2024-09-15 06:30:00,1.9611111111111112,8.588888888888889
2024-09-15 07:00:00,2.0,8.316666666666665
2024-09-15 07:30:00,2.1166666666666667,9.516666666666666
2024-09-15 08:00:00,2.2166666666666663,9.5
2024-09-15 08:30:00,2.466666666666667,9.683333333333334
2024-09-15 09:00:00,2.1333333333333333,8.35
2024-09-15 09:30:00,1.6499999999999997,8.216666666666667
2024-09-15 10:00:00,1.3111111111111111,6.099999999999999
2024-09-15 10:30:00,1.6166666666666665,7.0
2024-09-15 11:00:00,1.7166666666666668,7.25
2024-09-15 11:30:00,1.4444444444444444,7.466666666666668
2024-09-15 12:00:00,1.1611111111111112,5.7555555555555555
2024-09-15 12:30:00,1.1888888888888889,6.3999999999999995
2024-09-15 13:00:00,1.3333333333333333,5.866666666666666
2024-09-15 13:30:00,1.1055555555555556,5.194444444444445
2024-09-15 14:00:00,1.0166666666666668,4.1499999999999995
2024-09-15 14:30:00,1.2055555555555555,4.361111111111111
2024-09-15 15:00:00,1.211111111111111,5.877777777777777
2024-09-15 15:30:00,1.1833333333333333,4.788888888888889
2024-09-15 16:00:00,1.1722222222222223,5.022222222222222
2024-09-15 16:30:00,1.05,5.583333333333333
2024-09-15 17:00:00,1.138888888888889,5.577777777777778
2024-09-15 17:30:00,1.2666666666666666,7.2555555555555555
2024-09-15 18:00:00,1.7333333333333334,7.133333333333333
2024-09-15 18:30:00,1.4944444444444447,6.816666666666667
2024-09-15 19:00:00,1.638888888888889,7.372222222222223
2024-09-15 19:30:00,1.6888888888888889,5.977777777777778
2024-09-15 20:00:00,2.038888888888889,8.705555555555554
2024-09-15 20:30:00,1.4944444444444445,6.5055555555555555
2024-09-15 21:00:00,1.5777777777777777,8.588888888888889
2024-09-15 21:30:00,1.6499999999999997,10.766666666666666
2024-09-15 22:00:00,1.7166666666666668,7.48888888888889
2024-09-15 22:30:00,1.7166666666666668,10.644444444444444
2024-09-15 23:00:00,1.7333333333333334,7.611111111111112
2024-09-15 23:30:00,1.6555555555555557,8.922222222222222
2024-09-16 00:00:00,2.088888888888889,9.133333333333333
2024-09-16 00:30:00,1.9444444444444444,8.444444444444445
2024-09-16 01:00:00,2.011111111111111,10.78888888888889
2024-09-16 01:30:00,1.7555555555555555,8.555555555555557
2024-09-16 02:00:00,1.9388888888888889,7.822222222222223
2024-09-16 02:30:00,1.8111111111111111,7.422222222222222
2024-09-16 03:00:00,1.7000000000000002,8.299999999999999
2024-09-16 03:30:00,1.5555555555555556,6.755555555555556
2024-09-16 04:00:00,1.5,7.377777777777777
2024-09-16 04:30:00,1.3444444444444443,6.650000000000001
2024-09-16 05:00:00,1.5,7.377777777777777
2024-09-16 05:30:00,1.2777777777777777,5.855555555555555
2024-09-16 06:00:00,1.1722222222222223,5.977777777777777
2024-09-16 06:30:00,1.4111111111111108,5.48888888888889
2024-09-16 07:00:00,1.5777777777777777,6.833333333333333
2024-09-16 07:30:00,1.4666666666666668,6.083333333333333
2024-09-16 08:00:00,1.7666666666666666,7.272222222222223
2024-09-16 08:30:00,2.9,12.566666666666668
2024-09-16 09:00:00,2.6888888888888887,10.600000000000001
2024-09-16 09:30:00,1.5777777777777775,9.166666666666666
2024-09-16 10:00:00,1.4333333333333333,6.283333333333332
2024-09-16 10:30:00,1.0999999999999999,5.8500000000000005
2024-09-16 11:00:00,1.2,5.3999999999999995
2024-09-16 11:30:00,1.2333333333333334,4.516666666666667
2024-09-16 12:00:00,1.361111111111111,5.833333333333333
2024-09-16 12:30:00,1.1055555555555554,5.516666666666666
2024-09-16 13:00:00,1.3,6.833333333333333
2024-09-16 13:30:00,1.4111111111111112,6.2555555555555555
2024-09-16 14:00:00,1.45,7.8
2024-09-16 14:30:00,1.611111111111111,6.977777777777778
2024-09-16 15:00:00,1.6000000000000003,7.605555555555555
2024-09-16 15:30:00,1.8666666666666665,10.516666666666667
2024-09-16 16:00:00,1.6055555555555554,9.377777777777778
2024-09-16 16:30:00,1.988888888888889,11.166666666666666
2024-09-16 17:00:00,1.9222222222222223,9.911111111111111
2024-09-16 17:30:00,2.0555555555555554,12.111111111111109
2024-09-16 18:00:00,1.8277777777777777,8.622222222222222
2024-09-16 18:30:00,1.9222222222222223,10.461111111111112
2024-09-16 19:00:00,2.3111111111111113,13.077777777777778
2024-09-16 19:30:00,2.3777777777777778,11.5
2024-09-16 20:00:00,1.9222222222222223,10.266666666666666
2024-09-16 20:30:00,1.8666666666666665,11.277777777777779
2024-09-16 21:00:00,2.244444444444444,10.822222222222223
2024-09-16 21:30:00,2.388888888888889,11.566666666666668
2024-09-16 22:00:00,2.111111111111111,10.044444444444444
2024-09-16 22:30:00,2.1999999999999997,10.811111111111112
2024-09-16 23:00:00,2.8888888888888893,11.455555555555556
2024-09-16 23:30:00,2.966666666666667,12.02222222222222
2024-09-17 00:00:00,2.5555555555555554,13.0
2024-09-17 00:30:00,2.6666666666666665,11.544444444444444
2024-09-17 01:00:00,3.244444444444444,13.966666666666667
2024-09-17 01:30:00,3.3555555555555556,13.266666666666666
2024-09-17 02:00:00,3.6777777777777776,14.333333333333334
2024-09-17 02:30:00,3.511111111111111,12.777777777777777
2024-09-17 03:00:00,4.555555555555556,16.666666666666668
2024-09-17 03:30:00,3.2000000000000006,12.78888888888889
2024-09-17 04:00:00,3.4666666666666663,12.355555555555554
2024-09-17 04:30:00,3.466666666666667,13.744444444444445
2024-09-17 05:00:00,3.533333333333333,13.888888888888888
2024-09-17 05:30:00,3.8777777777777778,14.866666666666667
2024-09-17 06:00:00,3.588888888888889,14.71111111111111
2024-09-17 06:30:00,3.1888888888888887,12.888888888888888
2024-09-17 07:00:00,3.277777777777778,14.222222222222221
2024-09-17 07:30:00,3.4500000000000006,12.344444444444443
2024-09-17 08:00:00,3.0666666666666664,13.9
2024-09-17 08:30:00,3.0499999999999994,12.799999999999999
2024-09-17 09:00:00,2.766666666666667,11.1
2024-09-17 09:30:00,3.0666666666666664,13.366666666666667
2024-09-17 10:00:00,2.3000000000000003,10.616666666666667
2024-09-17 10:30:00,1.8666666666666665,8.083333333333334
2024-09-17 11:00:00,1.25,5.433333333333334
2024-09-17 11:30:00,1.0,5.233333333333333
2024-09-17 12:00:00,0.9666666666666668,3.1666666666666665
2024-09-17 12:30:00,0.9833333333333334,4.45
2024-09-17 13:00:00,1.1833333333333333,3.4166666666666665
2024-09-17 13:30:00,1.0,3.5333333333333328
2024-09-17 14:00:00,1.0833333333333333,5.8
2024-09-17 14:30:00,1.2055555555555555,5.51111111111111
2024-09-17 15:00:00,0.9888888888888889,4.322222222222222
2024-09-17 15:30:00,1.0999999999999999,5.51111111111111
2024-09-17 16:00:00,1.0888888888888888,4.705555555555556
2024-09-17 16:30:00,1.3444444444444443,6.133333333333333
2024-09-17 17:00:00,1.4777777777777779,6.900000000000001
2024-09-17 17:30:00,1.361111111111111,5.377777777777777
2024-09-17 18:00:00,1.0166666666666666,3.75
2024-09-17 18:30:00,0.7722222222222221,2.6666666666666665
2024-09-17 19:00:00,0.7666666666666666,2.5166666666666666
2024-09-17 19:30:00,0.9166666666666666,2.5500000000000003
2024-09-17 20:00:00,0.7000000000000001,1.8166666666666667
2024-09-17 20:30:00,0.7333333333333334,1.5833333333333333
2024-09-17 21:00:00,0.6666666666666666,2.1333333333333333
2024-09-17 21:30:00,1.15,2.6833333333333336
2024-09-17 22:00:00,0.75,1.9333333333333333
2024-09-17 22:30:00,1.2666666666666666,2.4
2024-09-17 23:00:00,1.811111111111111,3.766666666666667
2024-09-17 23:30:00,1.8777777777777775,4.316666666666666
2024-09-18 00:00:00,1.8222222222222222,3.888888888888889
2024-09-18 00:30:00,1.6777777777777778,3.522222222222222
2024-09-18 01:00:00,1.6666666666666667,3.827777777777778
2024-09-18 01:30:00,2.4555555555555557,5.0
2024-09-18 02:00:00,3.005555555555555,6.205555555555556
2024-09-18 02:30:00,2.8777777777777778,5.488888888888888
2024-09-18 03:00:00,2.9555555555555557,6.594444444444444
2024-09-18 03:30:00,3.1833333333333336,6.8500000000000005
2024-09-18 04:00:00,2.6666666666666665,7.777777777777778
2024-09-18 04:30:00,2.038888888888889,4.827777777777778
2024-09-18 05:00:00,3.5777777777777775,7.388888888888889
2024-09-18 05:30:00,5.8500000000000005,12.52222222222222
2024-09-18 06:00:00,3.8555555555555556,8.327777777777778
2024-09-18 06:30:00,5.6499999999999995,13.533333333333333
2024-09-18 07:00:00,4.183333333333334,10.122222222222222
2024-09-18 07:30:00,4.51111111111111,11.077777777777778
2024-09-18 08:00:00,3.5666666666666664,9.116666666666667
2024-09-18 08:30:00,3.9,8.53888888888889
2024-09-18 09:00:00,3.0500000000000003,7.472222222222222
2024-09-18 09:30:00,2.138888888888889,4.788888888888889
2024-09-18 10:00:00,7.361111111111111,17.133333333333336
2024-09-18 10:30:00,2.25,5.733333333333333
2024-09-18 11:00:00,1.5666666666666667,3.783333333333333
2024-09-18 11:30:00,0.9055555555555554,4.3
2024-09-18 12:00:00,0.8333333333333334,3.5555555555555554
2024-09-18 12:30:00,0.8555555555555556,2.5
2024-09-18 13:00:00,0.8388888888888889,2.6222222222222222
2024-09-18 13:30:00,0.7777777777777777,2.766666666666667
2024-09-18 14:00:00,0.8333333333333334,3.3333333333333335
2024-09-18 14:30:00,0.5,1.8666666666666665
2024-09-18 15:00:00,0.6888888888888888,2.0388888888888888
2024-09-18 15:30:00,0.6722222222222222,1.8888888888888886
2024-09-18 16:00:00,0.6722222222222222,1.6444444444444442
2024-09-18 16:30:00,0.7833333333333332,2.3666666666666667
2024-09-18 17:00:00,0.85,3.8055555555555554
2024-09-18 17:30:00,0.9555555555555556,4.4111111111111105
2024-09-18 18:00:00,0.8611111111111112,3.494444444444445
2024-09-18 18:30:00,1.0388888888888888,4.066666666666667
2024-09-18 19:00:00,0.9944444444444445,3.8111111111111113
2024-09-18 19:30:00,1.3833333333333335,7.216666666666666
2024-09-18 20:00:00,1.4666666666666668,5.783333333333334
2024-09-18 20:30:00,0.8666666666666667,2.35
2024-09-18 21:00:00,1.116666666666667,4.183333333333334
2024-09-18 21:30:00,1.7333333333333334,5.244444444444444
2024-09-18 22:00:00,1.4555555555555555,4.511111111111112
2024-09-18 22:30:00,1.1333333333333333,3.088888888888889
2024-09-18 23:00:00,1.6555555555555557,6.066666666666666
2024-09-18 23:30:00,1.7,3.8111111111111113
2024-09-19 00:00:00,1.7777777777777777,5.088888888888889
2024-09-19 00:30:00,1.8555555555555558,4.822222222222222
2024-09-19 01:00:00,2.1111111111111107,4.688888888888889
2024-09-19 01:30:00,2.1888888888888887,5.677777777777777
2024-09-19 02:00:00,2.566666666666667,6.422222222222222
2024-09-19 02:30:00,2.4111111111111114,7.733333333333333
2024-09-19 03:00:00,1.7888888888888888,4.911111111111111
2024-09-19 03:30:00,1.5944444444444443,5.216666666666667
2024-09-19 04:00:00,1.7777777777777777,5.166666666666667
2024-09-19 04:30:00,1.5999999999999999,4.044444444444444
2024-09-19 05:00:00,1.4333333333333336,4.633333333333334
2024-09-19 05:30:00,1.5222222222222221,4.2444444444444445
2024-09-19 06:00:00,1.6222222222222225,4.933333333333334
2024-09-19 06:30:00,1.461111111111111,4.694444444444444
2024-09-19 07:00:00,2.611111111111111,7.822222222222223
2024-09-19 07:30:00,2.5666666666666664,8.388888888888888
2024-09-19 08:00:00,2.2499999999999996,6.68888888888889
2024-09-19 08:30:00,2.083333333333333,7.733333333333333
2024-09-19 09:00:00,2.411111111111111,7.711111111111111
2024-09-19 09:30:00,1.0555555555555556,4.388888888888888
2024-09-19 10:00:00,1.027777777777778,5.427777777777777
2024-09-19 10:30:00,0.9722222222222222,4.105555555555555
2024-09-19 11:00:00,1.0666666666666667,4.0
2024-09-19 11:30:00,0.8333333333333334,5.0
2024-09-19 12:00:00,0.8722222222222222,3.8722222222222222
2024-09-19 12:30:00,1.0777777777777777,4.272222222222222
2024-09-19 13:00:00,0.9722222222222222,4.594444444444444
2024-09-19 13:30:00,0.9666666666666667,3.4666666666666663
2024-09-19 14:00:00,0.9666666666666667,2.9444444444444446
2024-09-19 14:30:00,1.0555555555555556,6.388888888888889
2024-09-19 15:00:00,0.9666666666666668,3.477777777777778
2024-09-19 15:30:00,0.9555555555555556,4.711111111111111
2024-09-19 16:00:00,0.9666666666666667,4.294444444444444
2024-09-19 16:30:00,1.0888888888888888,4.177777777777778
2024-09-19 17:00:00,0.7888888888888889,2.8444444444444446
2024-09-19 17:30:00,0.7444444444444445,3.4666666666666663
2024-09-19 18:00:00,0.6999999999999998,2.9555555555555557
2024-09-19 18:30:00,0.6833333333333332,4.294444444444444
2024-09-19 19:00:00,0.6888888888888888,3.1777777777777785
2024-09-19 19:30:00,0.7999999999999999,4.288888888888889
2024-09-19 20:00:00,1.0,3.8333333333333335
2024-09-19 20:30:00,1.2444444444444445,4.2444444444444445
2024-09-19 21:00:00,1.2777777777777777,4.211111111111111
2024-09-19 21:30:00,1.3555555555555554,4.522222222222222
2024-09-19 22:00:00,1.4000000000000001,4.0777777777777775
2024-09-19 22:30:00,1.377777777777778,3.5444444444444443
2024-09-19 23:00:00,1.6555555555555557,4.833333333333333
2024-09-19 23:30:00,1.9222222222222223,4.544444444444445
2024-09-20 00:00:00,1.722222222222222,5.022222222222223
2024-09-20 00:30:00,1.6666666666666667,5.766666666666666
2024-09-20 01:00:00,1.5666666666666667,4.427777777777778
2024-09-20 01:30:00,2.6333333333333333,5.966666666666666
2024-09-20 02:00:00,2.0666666666666664,6.388888888888889
2024-09-20 02:30:00,2.0444444444444443,5.777777777777778
2024-09-20 03:00:00,2.1888888888888887,5.666666666666667
2024-09-20 03:30:00,2.4277777777777776,7.027777777777778
2024-09-20 04:00:00,2.222222222222222,5.933333333333334
2024-09-20 04:30:00,1.9666666666666668,3.988888888888889
2024-09-20 05:00:00,2.0,5.011111111111112
2024-09-20 05:30:00,1.5666666666666667,3.844444444444445
2024-09-20 06:00:00,1.8333333333333333,5.377777777777777
2024-09-20 06:30:00,2.255555555555555,6.566666666666666
2024-09-20 07:00:00,3.372222222222222,7.4444444444444455
2024-09-20 07:30:00,9.6,20.349999999999998
2024-09-20 08:00:00,2.433333333333333,6.883333333333333
2024-09-20 08:30:00,2.872222222222222,7.9444444444444455
2024-09-20 09:00:00,2.3000000000000003,6.233333333333333
2024-09-20 09:30:00,1.8222222222222222,7.316666666666666
2024-09-20 10:00:00,1.4833333333333334,4.533333333333333
2024-09-20 10:30:00,1.1333333333333333,4.666666666666667
2024-09-20 11:00:00,0.6166666666666667,1.75
2024-09-20 11:30:00,0.45,2.016666666666666
2024-09-20 12:00:00,0.4055555555555555,1.1444444444444444
2024-09-20 12:30:00,0.3833333333333333,2.433333333333333
2024-09-20 13:00:00,0.4166666666666667,1.3500000000000003
2024-09-20 13:30:00,0.39999999999999997,1.6666666666666667
2024-09-20 14:00:00,0.44999999999999996,1.9333333333333333
2024-09-20 14:30:00,0.45555555555555555,2.066666666666667
2024-09-20 15:00:00,0.4444444444444444,2.1833333333333336
2024-09-20 15:30:00,0.41111111111111115,1.9222222222222223
2024-09-20 16:00:00,0.2833333333333333,1.6666666666666667
2024-09-20 16:30:00,0.4444444444444445,1.222222222222222
2024-09-20 17:00:00,0.4611111111111111,1.5222222222222221
2024-09-20 17:30:00,0.5833333333333334,1.761111111111111
2024-09-20 18:00:00,0.5444444444444444,1.5999999999999999
2024-09-20 18:30:00,0.4222222222222222,1.622222222222222
2024-09-20 19:00:00,0.43333333333333335,1.4055555555555557
2024-09-20 19:30:00,0.4166666666666667,1.3166666666666667
2024-09-20 20:00:00,0.861111111111111,2.8555555555555556
2024-09-20 20:30:00,0.6833333333333335,2.35
2024-09-20 21:00:00,0.48333333333333334,1.7
2024-09-20 21:30:00,0.6833333333333332,1.8833333333333335
2024-09-20 22:00:00,0.6166666666666667,2.783333333333333
2024-09-20 22:30:00,0.7333333333333334,2.9
2024-09-20 23:00:00,1.6499999999999997,3.816666666666667
2024-09-20 23:30:00,1.8166666666666667,5.483333333333333
2024-09-21 00:00:00,1.6666666666666667,4.866666666666666
2024-09-21 00:30:00,2.2,5.8500000000000005
2024-09-21 01:00:00,3.2166666666666663,6.7
2024-09-21 01:30:00,2.0166666666666666,5.166666666666667
2024-09-21 02:00:00,1.4333333333333336,4.183333333333334
2024-09-21 02:30:00,1.05,2.766666666666667
2024-09-21 03:00:00,0.9166666666666666,3.266666666666667
2024-09-21 03:30:00,0.7333333333333334,2.866666666666667
2024-09-21 04:00:00,0.6166666666666666,1.4666666666666666
2024-09-21 04:30:00,0.6833333333333332,2.1999999999999997
2024-09-21 05:00:00,0.6999999999999998,2.25
2024-09-21 05:30:00,0.8666666666666666,2.5
2024-09-21 06:00:00,1.5166666666666666,3.9
2024-09-21 06:30:00,12.9,26.983333333333334
2024-09-21 07:00:00,13.266666666666666,28.95
2024-09-21 07:30:00,5.783333333333334,15.266666666666666
2024-09-21 08:00:00,2.65,6.133333333333333
2024-09-21 08:30:00,2.75,7.05
2024-09-21 09:00:00,2.422222222222222,6.183333333333334
2024-09-21 09:30:00,1.5666666666666667,4.6000000000000005
2024-09-21 10:00:00,0.6444444444444445,1.6944444444444444
2024-09-21 10:30:00,0.6222222222222222,1.3222222222222222
2024-09-21 11:00:00,0.7444444444444445,1.2777777777777777
2024-09-21 11:30:00,0.8555555555555556,2.4055555555555554
2024-09-21 12:00:00,0.5222222222222223,1.4444444444444444
2024-09-21 12:30:00,1.0666666666666667,2.744444444444445
2024-09-21 13:00:00,1.3111111111111111,2.5944444444444446
2024-09-21 13:30:00,0.75,1.9333333333333336
2024-09-21 14:00:00,0.6666666666666666,1.8111111111111111
2024-09-21 14:30:00,0.7222222222222223,1.2333333333333334
2024-09-21 15:00:00,0.5499999999999999,1.5277777777777777
2024-09-21 15:30:00,0.7333333333333333,2.5
2024-09-21 16:00:00,0.75,2.9111111111111114
2024-09-21 16:30:00,0.5722222222222222,2.411111111111111
2024-09-21 17:00:00,0.5333333333333333,2.35
2024-09-21 17:30:00,0.6,1.488888888888889
2024-09-21 18:00:00,0.4166666666666667,1.6722222222222223
2024-09-21 18:30:00,0.5499999999999999,2.25
2024-09-21 19:00:00,0.65,2.3166666666666664
2024-09-21 19:30:00,0.5333333333333333,1.4833333333333332
2024-09-21 20:00:00,0.7000000000000001,1.3
2024-09-21 20:30:00,0.6333333333333333,1.1500000000000001
2024-09-21 21:00:00,0.5499999999999999,1.6166666666666665
2024-09-21 21:30:00,1.9666666666666668,3.9499999999999997
2024-09-21 22:00:00,0.65,2.0
2024-09-21 22:30:00,0.65,1.1666666666666667
2024-09-21 23:00:00,0.5499999999999999,1.7666666666666666
2024-09-21 23:30:00,1.0888888888888888,2.211111111111111
2024-09-22 00:00:00,0.7333333333333333,1.5333333333333332
2024-09-22 00:30:00,0.7555555555555555,1.8888888888888886
2024-09-22 01:00:00,0.7333333333333333,2.1777777777777776
2024-09-22 01:30:00,0.7777777777777778,2.0222222222222217
2024-09-22 02:00:00,0.9222222222222222,1.6666666666666667
2024-09-22 02:30:00,1.0999999999999999,2.4666666666666663
2024-09-22 03:00:00,0.7777777777777778,1.7222222222222223
2024-09-22 03:30:00,0.8555555555555555,1.6666666666666667
2024-09-22 04:00:00,1.1444444444444446,2.633333333333333
2024-09-22 04:30:00,1.5777777777777777,5.711111111111111
2024-09-22 05:00:00,1.277777777777778,3.3333333333333335
2024-09-22 05:30:00,1.1666666666666667,4.233333333333333
2024-09-22 06:00:00,1.0555555555555554,2.422222222222222
2024-09-22 06:30:00,1.3111111111111111,2.988888888888889
2024-09-22 07:00:00,1.5333333333333332,3.8777777777777778
2024-09-22 07:30:00,1.8777777777777775,4.422222222222222
2024-09-22 08:00:00,1.722222222222222,4.133333333333333
2024-09-22 08:30:00,1.5444444444444445,2.7888888888888883
2024-09-22 09:00:00,1.2333333333333334,3.1222222222222222
2024-09-22 09:30:00,1.9444444444444444,6.2555555555555555
2024-09-22 10:00:00,1.488888888888889,3.744444444444444
2024-09-22 10:30:00,0.9055555555555556,3.094444444444445
2024-09-22 11:00:00,0.9444444444444445,2.805555555555556
2024-09-22 11:30:00,0.7944444444444444,1.738888888888889
2024-09-22 12:00:00,0.9333333333333332,3.1888888888888887
2024-09-22 12:30:00,0.7111111111111111,2.588888888888889
2024-09-22 13:00:00,0.8111111111111112,1.7444444444444442
2024-09-22 13:30:00,0.8666666666666667,3.1
2024-09-22 14:00:00,0.8333333333333335,2.611111111111111
2024-09-22 14:30:00,1.011111111111111,3.7999999999999994
2024-09-22 15:00:00,1.0666666666666667,2.711111111111111
2024-09-22 15:30:00,0.8888888888888888,2.3222222222222224
2024-09-22 16:00:00,0.9444444444444445,2.8555555555555556
2024-09-22 16:30:00,0.8166666666666668,3.25
2024-09-22 17:00:00,0.7111111111111111,2.761111111111111
2024-09-22 17:30:00,0.8999999999999999,2.588888888888889
2024-09-22 18:00:00,0.888888888888889,3.1222222222222222
2024-09-22 18:30:00,1.1777777777777778,4.577777777777778
2024-09-22 19:00:00,1.5166666666666666,5.683333333333334
2024-09-22 19:30:00,1.9444444444444444,6.344444444444444
2024-09-22 20:00:00,1.6166666666666665,5.2444444444444445
2024-09-22 20:30:00,1.6666666666666667,5.633333333333333
2024-09-22 21:00:00,1.6777777777777778,5.7555555555555555
2024-09-22 21:30:00,1.7666666666666668,6.116666666666667
2024-09-22 22:00:00,1.7111111111111112,5.461111111111111
2024-09-22 22:30:00,1.872222222222222,4.777777777777778
2024-09-22 23:00:00,1.8888888888888886,5.98888888888889
2024-09-22 23:30:00,2.0333333333333337,5.633333333333333
2024-09-23 00:00:00,2.4555555555555557,7.922222222222222
2024-09-23 00:30:00,2.555555555555556,6.011111111111112
2024-09-23 01:00:00,3.0999999999999996,8.5
2024-09-23 01:30:00,3.1222222222222222,8.11111111111111
2024-09-23 02:00:00,3.266666666666667,8.066666666666668
2024-09-23 02:30:00,3.366666666666666,8.333333333333334
2024-09-23 03:00:00,3.233333333333333,8.288888888888888
2024-09-23 03:30:00,2.777777777777778,6.944444444444444
2024-09-23 04:00:00,2.9111111111111114,7.155555555555555
2024-09-23 04:30:00,3.222222222222222,8.644444444444444
2024-09-23 05:00:00,3.511111111111111,9.311111111111112
2024-09-23 05:30:00,4.022222222222222,9.433333333333335
2024-09-23 06:00:00,4.355555555555555,12.244444444444445
2024-09-23 06:30:00,3.2777777777777772,14.822222222222223
2024-09-23 07:00:00,3.011111111111111,9.666666666666668
2024-09-23 07:30:00,2.8666666666666667,7.022222222222222
2024-09-23 08:00:00,2.022222222222222,6.199999999999999
2024-09-23 08:30:00,2.5666666666666664,5.8999999999999995
2024-09-23 09:00:00,2.0944444444444446,5.7555555555555555
2024-09-23 09:30:00,1.627777777777778,4.783333333333334
2024-09-23 10:00:00,1.5833333333333333,5.1611111111111105
2024-09-23 10:30:00,1.4333333333333333,7.7
2024-09-23 11:00:00,2.3833333333333333,6.983333333333333
2024-09-23 11:30:00,1.7833333333333332,5.566666666666666
2024-09-23 12:00:00,2.4166666666666665,7.349999999999999
2024-09-23 12:30:00,1.4666666666666668,7.533333333333334
2024-09-23 13:00:00,1.25,5.0
2024-09-23 13:30:00,1.1666666666666667,4.2
2024-09-23 14:00:00,1.1666666666666667,6.083333333333333
2024-09-23 14:30:00,1.7833333333333332,7.05
2024-09-23 15:00:00,1.7666666666666666,6.533333333333334
2024-09-23 15:30:00,1.9000000000000001,9.5
2024-09-23 16:00:00,1.8055555555555556,6.694444444444444
2024-09-23 16:30:00,1.711111111111111,4.605555555555555
2024-09-23 17:00:00,1.3833333333333335,3.977777777777778
2024-09-23 17:30:00,1.2833333333333334,4.877777777777777
2024-09-23 18:00:00,1.4277777777777778,6.083333333333333
2024-09-23 18:30:00,1.1333333333333333,4.2
2024-09-23 19:00:00,1.3,4.988888888888888
2024-09-23 19:30:00,1.25,4.7
2024-09-23 20:00:00,1.6111111111111114,5.099999999999999
2024-09-23 20:30:00,1.75,5.427777777777777
2024-09-23 21:00:00,1.8,5.433333333333334
2024-09-23 21:30:00,1.6277777777777775,5.394444444444445
2024-09-23 22:00:00,1.8833333333333335,6.716666666666666
2024-09-23 22:30:00,1.627777777777778,6.866666666666667
2024-09-23 23:00:00,1.5999999999999999,6.166666666666667
2024-09-23 23:30:00,1.4333333333333333,4.3999999999999995
2024-09-24 00:00:00,1.25,4.3999999999999995
2024-09-24 00:30:00,1.75,5.483333333333333
2024-09-24 01:00:00,1.5333333333333332,5.933333333333334
2024-09-24 01:30:00,1.4833333333333334,4.95
2024-09-24 02:00:00,1.8499999999999999,5.133333333333334
2024-09-24 02:30:00,2.0833333333333335,6.416666666666667
2024-09-24 03:00:00,2.1333333333333333,5.933333333333334
2024-09-24 03:30:00,1.95,5.766666666666667
2024-09-24 04:00:00,2.2666666666666666,5.566666666666667
2024-09-24 04:30:00,2.6555555555555554,6.827777777777778
2024-09-24 05:00:00,2.5166666666666666,6.3999999999999995
2024-09-24 05:30:00,2.4999999999999996,5.883333333333333
2024-09-24 06:00:00,2.5500000000000003,7.933333333333333
2024-09-24 06:30:00,2.483333333333333,5.650000000000001
2024-09-24 07:00:00,2.2333333333333334,7.083333333333333
2024-09-24 07:30:00,2.0833333333333335,6.3
2024-09-24 08:00:00,1.9888888888888892,5.383333333333333
2024-09-24 08:30:00,2.3,6.466666666666666
2024-09-24 09:00:00,2.683333333333333,5.883333333333333
2024-09-24 09:30:00,2.1166666666666667,6.983333333333333
2024-09-24 10:00:00,2.15,6.7
2024-09-24 10:30:00,2.0,5.016666666666667
2024-09-24 11:00:00,9.433333333333334,17.083333333333332
2024-09-24 11:30:00,1.6833333333333333,3.65
2024-09-24 12:00:00,1.7277777777777779,4.166666666666667
2024-09-24 12:30:00,1.7833333333333332,4.922222222222222
2024-09-24 13:00:00,1.6166666666666665,3.4333333333333336
2024-09-24 13:30:00,1.5666666666666667,3.3666666666666667
2024-09-24 14:00:00,1.4833333333333334,4.883333333333334
2024-09-24 14:30:00,1.6833333333333333,5.883333333333333
2024-09-24 15:00:00,1.75,6.666666666666667
2024-09-24 15:30:00,1.9000000000000001,7.583333333333333
2024-09-24 16:00:00,2.1166666666666667,6.816666666666666
2024-09-24 16:30:00,2.0500000000000003,5.6499999999999995
2024-09-24 17:00:00,1.9833333333333334,5.183333333333333
2024-09-24 17:30:00,1.9166666666666667,4.916666666666667
2024-09-24 18:00:00,2.3833333333333333,6.816666666666667
2024-09-24 18:30:00,3.5833333333333335,10.133333333333333
2024-09-24 19:00:00,3.266666666666667,8.283333333333333
2024-09-24 19:30:00,3.5500000000000003,8.683333333333332
2024-09-24 20:00:00,4.416666666666667,12.6
2024-09-24 20:30:00,3.9333333333333336,10.9
2024-09-24 21:00:00,3.8611111111111107,7.95
2024-09-24 21:30:00,4.633333333333334,10.455555555555556
2024-09-24 22:00:00,3.8833333333333333,8.68888888888889
2024-09-24 22:30:00,4.016666666666667,9.222222222222221
2024-09-24 23:00:00,5.333333333333333,10.9
2024-09-24 23:30:00,5.75,14.616666666666667
2024-09-25 00:00:00,5.8,12.383333333333333
2024-09-25 00:30:00,5.666666666666667,11.200000000000001
2024-09-25 01:00:00,5.816666666666666,14.0
2024-09-25 01:30:00,6.316666666666666,12.700000000000001
2024-09-25 02:00:00,6.766666666666667,13.299999999999999
2024-09-25 02:30:00,6.416666666666667,13.783333333333333
2024-09-25 03:00:00,6.466666666666666,12.983333333333334
2024-09-25 03:30:00,6.583333333333333,12.066666666666668
2024-09-25 04:00:00,6.583333333333333,14.0
2024-09-25 04:30:00,6.466666666666666,10.883333333333333
2024-09-25 05:00:00,7.083333333333333,13.133333333333333
2024-09-25 05:30:00,7.383333333333333,13.066666666666668
2024-09-25 06:00:00,7.466666666666666,15.333333333333334
2024-09-25 06:30:00,8.049999999999999,14.833333333333334
2024-09-25 07:00:00,8.25,14.666666666666666
2024-09-25 07:30:00,8.066666666666668,16.0
2024-09-25 08:00:00,11.299999999999999,21.333333333333332
2024-09-25 08:30:00,12.766666666666667,24.0
2024-09-25 09:00:00,13.949999999999998,24.833333333333332
2024-09-25 09:30:00,8.522222222222224,16.444444444444446
2024-09-25 10:00:00,8.299999999999999,15.888888888888888
2024-09-25 10:30:00,7.388888888888888,13.166666666666666
2024-09-25 11:00:00,8.71111111111111,16.61111111111111
2024-09-25 11:30:00,12.194444444444445,19.444444444444446
2024-09-25 12:00:00,6.622222222222223,11.577777777777778
2024-09-25 12:30:00,6.51111111111111,12.055555555555555
2024-09-25 13:00:00,7.155555555555556,12.555555555555557
2024-09-25 13:30:00,8.105555555555556,15.222222222222221
2024-09-25 14:00:00,7.6499999999999995,12.983333333333334
2024-09-25 14:30:00,7.044444444444444,12.944444444444445
2024-09-25 15:00:00,6.033333333333334,10.866666666666667
2024-09-25 15:30:00,5.855555555555555,11.844444444444443
2024-09-25 16:00:00,6.633333333333334,12.166666666666666
2024-09-25 16:30:00,5.627777777777777,9.6
2024-09-25 17:00:00,6.538888888888888,11.388888888888891
2024-09-25 17:30:00,5.5,10.138888888888888
2024-09-25 18:00:00,7.55,12.85
2024-09-25 18:30:00,7.372222222222223,12.555555555555555
2024-09-25 19:00:00,7.73888888888889,13.0
2024-09-25 19:30:00,7.044444444444444,12.277777777777779
2024-09-25 20:00:00,7.933333333333333,13.722222222222223
2024-09-25 20:30:00,8.08888888888889,13.611111111111112
2024-09-25 21:00:00,8.533333333333333,15.611111111111109
2024-09-25 21:30:00,8.422222222222222,14.055555555555555
2024-09-25 22:00:00,9.522222222222224,15.5
2024-09-25 22:30:00,8.31111111111111,14.277777777777777
2024-09-25 23:00:00,8.97777777777778,14.944444444444445
2024-09-25 23:30:00,9.200000000000001,15.166666666666666
2024-09-26 00:00:00,9.97777777777778,17.166666666666668
2024-09-26 00:30:00,9.977777777777778,16.61111111111111
2024-09-26 01:00:00,11.31111111111111,18.38888888888889
2024-09-26 01:30:00,11.533333333333333,19.944444444444443
2024-09-26 02:00:00,11.533333333333333,18.833333333333332
2024-09-26 02:30:00,11.422222222222222,18.944444444444443
2024-09-26 03:00:00,10.755555555555555,17.38888888888889
2024-09-26 03:30:00,10.533333333333333,17.944444444444446
2024-09-26 04:00:00,10.97777777777778,17.833333333333332
2024-09-26 04:30:00,10.533333333333333,18.055555555555557
2024-09-26 05:00:00,12.411111111111111,20.61111111111111
2024-09-26 05:30:00,10.533333333333333,17.5
2024-09-26 06:00:00,10.533333333333333,17.5
2024-09-26 06:30:00,10.644444444444446,18.277777777777782
2024-09-26 07:00:00,10.755555555555555,18.722222222222225
2024-09-26 07:30:00,10.644444444444446,18.72222222222222
2024-09-26 08:00:00,12.244444444444445,21.888888888888886
2024-09-26 08:30:00,10.966666666666667,20.444444444444443
2024-09-26 09:00:00,9.522222222222224,17.833333333333332
2024-09-26 09:30:00,7.294444444444444,15.472222222222223
2024-09-26 10:00:00,7.566666666666666,14.611111111111109
2024-09-26 10:30:00,7.377777777777777,13.277777777777777
2024-09-26 11:00:00,7.033333333333332,14.944444444444443
2024-09-26 11:30:00,6.800000000000001,13.166666666666666
2024-09-26 12:00:00,7.0,14.055555555555555
2024-09-26 12:30:00,8.805555555555555,16.77777777777778
2024-09-26 13:00:00,8.188888888888888,13.777777777777777
2024-09-26 13:30:00,7.211111111111111,13.166666666666666
2024-09-26 14:00:00,7.472222222222222,13.722222222222221
2024-09-26 14:30:00,4.6000000000000005,8.755555555555555
2024-09-26 15:00:00,4.622222222222223,8.85
2024-09-26 15:30:00,4.383333333333333,8.483333333333334
2024-09-26 16:00:00,3.366666666666667,8.677777777777777
2024-09-26 16:30:00,3.0444444444444443,6.766666666666667
2024-09-26 17:00:00,3.022222222222222,7.7444444444444445
2024-09-26 17:30:00,2.788888888888889,6.588888888888889
2024-09-26 18:00:00,3.3000000000000003,9.077777777777778
2024-09-26 18:30:00,2.744444444444445,6.5
2024-09-26 19:00:00,3.5555555555555554,7.844444444444444
2024-09-26 19:30:00,4.166666666666667,10.933333333333332
2024-09-26 20:00:00,3.511111111111111,8.6
2024-09-26 20:30:00,3.9111111111111114,9.5
2024-09-26 21:00:00,4.033333333333334,8.833333333333334
2024-09-26 21:30:00,5.055555555555556,11.055555555555557
2024-09-26 22:00:00,5.044444444444445,10.611111111111112
2024-09-26 22:30:00,4.688888888888889,10.144444444444444
2024-09-26 23:00:00,4.344444444444444,8.766666666666666
2024-09-26 23:30:00,4.522222222222222,9.611111111111112
2024-09-27 00:00:00,4.488888888888889,10.155555555555557
2024-09-27 00:30:00,4.4111111111111105,9.555555555555555
2024-09-27 01:00:00,4.611111111111111,10.155555555555555
2024-09-27 01:30:00,4.622222222222223,9.811111111111112
2024-09-27 02:00:00,4.788888888888889,9.71111111111111
2024-09-27 02:30:00,4.744444444444444,9.61111111111111
2024-09-27 03:00:00,4.833333333333333,9.866666666666667
2024-09-27 03:30:00,4.911111111111111,9.1
2024-09-27 04:00:00,4.888888888888889,10.055555555555555
2024-09-27 04:30:00,4.733333333333333,10.433333333333332
2024-09-27 05:00:00,4.644444444444445,9.611111111111112
2024-09-27 05:30:00,4.5,8.28888888888889
2024-09-27 06:00:00,4.644444444444445,9.688888888888888
2024-09-27 06:30:00,4.7,9.28888888888889
2024-09-27 07:00:00,4.944444444444444,9.533333333333333
2024-09-27 07:30:00,8.5,20.166666666666668
2024-09-27 08:00:00,10.233333333333333,21.027777777777775
2024-09-27 08:30:00,5.699999999999999,11.833333333333334
2024-09-27 09:00:00,5.777777777777778,12.31111111111111
2024-09-27 09:30:00,4.511111111111112,10.277777777777779
2024-09-27 10:00:00,3.8000000000000003,7.4444444444444455
2024-09-27 10:30:00,3.133333333333333,7.344444444444444
2024-09-27 11:00:00,2.9,6.477777777777778
2024-09-27 11:30:00,2.6999999999999997,7.311111111111111
2024-09-27 12:00:00,3.038888888888889,7.788888888888889
2024-09-27 12:30:00,2.877777777777778,7.444444444444443
2024-09-27 13:00:00,2.8000000000000007,6.544444444444444
2024-09-27 13:30:00,2.6666666666666665,6.688888888888889
2024-09-27 14:00:00,2.6777777777777776,7.288888888888889
2024-09-27 14:30:00,2.483333333333333,5.55
2024-09-27 15:00:00,2.1222222222222222,5.544444444444444
2024-09-27 15:30:00,2.1166666666666667,6.183333333333333
2024-09-27 16:00:00,1.888888888888889,7.422222222222222
2024-09-27 16:30:00,1.6444444444444446,7.088888888888889
2024-09-27 17:00:00,1.6111111111111114,6.333333333333333
2024-09-27 17:30:00,1.6333333333333335,7.499999999999999
2024-09-27 18:00:00,1.8222222222222222,7.322222222222223
2024-09-27 18:30:00,1.8777777777777775,9.71111111111111
2024-09-27 19:00:00,2.0,8.1
2024-09-27 19:30:00,2.0666666666666664,10.316666666666666
2024-09-27 20:00:00,2.566666666666667,12.75
2024-09-27 20:30:00,2.0,8.616666666666667
2024-09-27 21:00:00,2.1333333333333333,10.583333333333334
2024-09-27 21:30:00,2.466666666666667,13.466666666666667
2024-09-27 22:00:00,2.6,13.833333333333334
2024-09-27 22:30:00,2.411111111111111,11.066666666666668
2024-09-27 23:00:00,2.4555555555555553,13.555555555555555
2024-09-27 23:30:00,2.583333333333333,14.200000000000001
2024-09-28 00:00:00,3.016666666666667,15.0
2024-09-28 00:30:00,2.4166666666666665,13.383333333333333
2024-09-28 01:00:00,3.033333333333333,17.0
2024-09-28 01:30:00,2.6999999999999997,14.516666666666666
2024-09-28 02:00:00,2.65,14.816666666666668
2024-09-28 02:30:00,2.9333333333333336,16.666666666666668
2024-09-28 03:00:00,2.466666666666667,15.666666666666666
2024-09-28 03:30:00,1.7833333333333334,9.266666666666667
2024-09-28 04:00:00,0.7666666666666666,4.783333333333334
2024-09-28 04:30:00,0.55,3.616666666666667
2024-09-28 05:00:00,0.75,4.8
2024-09-28 05:30:00,0.6833333333333332,4.266666666666667
2024-09-28 06:00:00,0.7833333333333333,4.383333333333333
2024-09-28 06:30:00,0.85,5.400000000000001
2024-09-28 07:00:00,1.0,5.583333333333333
2024-09-28 07:30:00,1.0999999999999999,7.0
2024-09-28 08:00:00,1.2666666666666668,8.116666666666665
2024-09-28 08:30:00,1.6000000000000003,8.200000000000001
2024-09-28 09:00:00,1.3833333333333335,8.816666666666666
2024-09-28 09:30:00,1.4000000000000001,6.633333333333333
2024-09-28 10:00:00,1.2722222222222221,6.45
2024-09-28 10:30:00,1.5,5.988888888888888
2024-09-28 11:00:00,1.4555555555555557,5.9444444444444455
2024-09-28 11:30:00,1.2000000000000002,5.788888888888888
2024-09-28 12:00:00,1.288888888888889,6.01111111111111
2024-09-28 12:30:00,1.2333333333333334,5.188888888888889
2024-09-28 13:00:00,1.1888888888888889,4.588888888888889
2024-09-28 13:30:00,1.2555555555555555,4.433333333333334
2024-09-28 14:00:00,1.0666666666666667,4.811111111111111
2024-09-28 14:30:00,1.0,4.2
2024-09-28 15:00:00,0.9555555555555556,4.711111111111111
2024-09-28 15:30:00,0.9777777777777779,4.2444444444444445
2024-09-28 16:00:00,0.9666666666666668,4.233333333333333
2024-09-28 16:30:00,1.0444444444444445,4.777777777777779
2024-09-28 17:00:00,1.111111111111111,4.3
2024-09-28 17:30:00,1.0333333333333332,4.844444444444444
2024-09-28 18:00:00,1.311111111111111,4.633333333333333
2024-09-28 18:30:00,2.022222222222222,13.244444444444445
2024-09-28 19:00:00,2.0,6.277777777777779
2024-09-28 19:30:00,1.7333333333333334,6.644444444444445
2024-09-28 20:00:00,1.4000000000000001,6.088888888888889
2024-09-28 20:30:00,1.7222222222222223,7.466666666666666
2024-09-28 21:00:00,1.822222222222222,8.288888888888888
2024-09-28 21:30:00,1.3444444444444443,6.211111111111111
2024-09-28 22:00:00,1.3666666666666665,5.977777777777778
2024-09-28 22:30:00,1.3111111111111111,6.01111111111111
2024-09-28 23:00:00,1.3222222222222222,6.7555555555555555
2024-09-28 23:30:00,1.3444444444444443,6.622222222222223
2024-09-29 00:00:00,1.2,6.655555555555555
2024-09-29 00:30:00,1.3,6.322222222222222
2024-09-29 01:00:00,1.1111111111111112,7.611111111111112
2024-09-29 01:30:00,1.0999999999999999,6.288888888888889
2024-09-29 02:00:00,1.2666666666666666,7.177777777777778
2024-09-29 02:30:00,1.1444444444444446,6.544444444444444
2024-09-29 03:00:00,1.0444444444444445,4.077777777777778
2024-09-29 03:30:00,1.1333333333333335,5.955555555555556
2024-09-29 04:00:00,0.9833333333333334,5.483333333333333
2024-09-29 04:30:00,1.0555555555555556,5.8
2024-09-29 05:00:00,1.0999999999999999,6.444444444444444
2024-09-29 05:30:00,1.3555555555555554,6.199999999999999
2024-09-29 06:00:00,1.1888888888888889,7.433333333333334
2024-09-29 06:30:00,1.222222222222222,6.588888888888889
2024-09-29 07:00:00,1.3444444444444443,8.322222222222221
2024-09-29 07:30:00,1.4333333333333336,7.266666666666667
2024-09-29 08:00:00,1.4444444444444446,8.78888888888889
2024-09-29 08:30:00,1.8333333333333333,7.683333333333333
2024-09-29 09:00:00,1.5722222222222222,11.122222222222222
2024-09-29 09:30:00,1.4333333333333333,8.533333333333333
2024-09-29 10:00:00,1.3222222222222222,8.11111111111111
2024-09-29 10:30:00,1.1555555555555557,4.800000000000001
2024-09-29 11:00:00,1.3333333333333333,5.388888888888888
2024-09-29 11:30:00,1.2,5.033333333333332
2024-09-29 12:00:00,1.5888888888888892,6.777777777777778
2024-09-29 12:30:00,1.866666666666667,5.7
2024-09-29 13:00:00,1.5888888888888888,6.400000000000001
2024-09-29 13:30:00,1.5,4.7444444444444445
2024-09-29 14:00:00,0.8555555555555556,3.9055555555555563
2024-09-29 14:30:00,0.6611111111111111,3.6999999999999993
2024-09-29 15:00:00,0.8277777777777776,3.261111111111111
2024-09-29 15:30:00,0.6944444444444445,3.15
2024-09-29 16:00:00,1.2444444444444445,4.177777777777778
2024-09-29 16:30:00,0.8333333333333334,3.533333333333333
2024-09-29 17:00:00,1.0,3.3222222222222224
2024-09-29 17:30:00,0.9111111111111111,3.6
2024-09-29 18:00:00,0.9111111111111111,4.466666666666666
2024-09-29 18:30:00,0.9333333333333332,3.5999999999999996
2024-09-29 19:00:00,1.5222222222222221,6.422222222222222
2024-09-29 19:30:00,1.5666666666666667,6.372222222222223
2024-09-29 20:00:00,1.3444444444444443,6.3
2024-09-29 20:30:00,1.4666666666666666,5.288888888888889
2024-09-29 21:00:00,1.3999999999999997,6.155555555555556
2024-09-29 21:30:00,2.0666666666666664,7.211111111111112
2024-09-29 22:00:00,1.9777777777777779,6.900000000000001
2024-09-29 22:30:00,2.2555555555555555,7.577777777777778
2024-09-29 23:00:00,1.5888888888888888,5.211111111111111
2024-09-29 23:30:00,1.8,6.5
2024-09-30 00:00:00,1.6555555555555557,5.355555555555555
2024-09-30 00:30:00,1.6888888888888889,5.233333333333333
2024-09-30 01:00:00,1.8111111111111111,6.333333333333333
2024-09-30 01:30:00,1.7,6.855555555555555
2024-09-30 02:00:00,1.7666666666666666,5.155555555555556
2024-09-30 02:30:00,1.688888888888889,5.833333333333333
2024-09-30 03:00:00,1.6000000000000003,4.688888888888889
2024-09-30 03:30:00,1.5555555555555556,4.566666666666666
2024-09-30 04:00:00,1.711111111111111,7.033333333333334
2024-09-30 04:30:00,1.7222222222222223,6.277777777777778
2024-09-30 05:00:00,1.7222222222222223,5.177777777777777
2024-09-30 05:30:00,1.5777777777777777,4.855555555555557
2024-09-30 06:00:00,1.5944444444444443,5.216666666666668
2024-09-30 06:30:00,1.8222222222222222,6.133333333333333
2024-09-30 07:00:00,1.9999999999999998,6.922222222222222
2024-09-30 07:30:00,2.5055555555555555,9.372222222222222
2024-09-30 08:00:00,2.288888888888889,7.411111111111111
2024-09-30 08:30:00,2.25,7.3500000000000005
2024-09-30 09:00:00,1.9666666666666668,8.183333333333334
2024-09-30 09:30:00,2.222222222222222,8.572222222222221
2024-09-30 10:00:00,1.6277777777777775,6.0
2024-09-30 10:30:00,1.7444444444444442,6.0
2024-09-30 11:00:00,1.0444444444444445,5.344444444444444
2024-09-30 11:30:00,0.8388888888888889,4.316666666666667
2024-09-30 12:00:00,0.6444444444444444,2.1888888888888887
2024-09-30 12:30:00,0.7666666666666666,2.611111111111111
2024-09-30 13:00:00,0.6111111111111112,2.266666666666667
2024-09-30 13:30:00,0.6444444444444445,3.4333333333333336
2024-09-30 14:00:00,0.8555555555555556,4.011111111111112
2024-09-30 14:30:00,0.7277777777777779,3.633333333333333
2024-09-30 15:00:00,0.6222222222222222,4.066666666666666
2024-09-30 15:30:00,0.65,3.9
2024-09-30 16:00:00,0.6166666666666667,3.516666666666667
2024-09-30 16:30:00,0.7277777777777779,3.3555555555555556
2024-09-30 17:00:00,0.8333333333333334,4.588888888888889
2024-09-30 17:30:00,0.9666666666666667,4.916666666666667
2024-09-30 18:00:00,1.0,4.766666666666667
2024-09-30 18:30:00,0.7166666666666667,4.283333333333333
2024-09-30 19:00:00,0.8333333333333334,4.5
2024-09-30 19:30:00,0.9,5.1
2024-09-30 20:00:00,1.1666666666666665,5.266666666666667
2024-09-30 20:30:00,1.1833333333333333,5.3500000000000005
2024-09-30 21:00:00,1.4333333333333336,5.633333333333333
2024-09-30 21:30:00,2.4166666666666665,7.849999999999999
2024-09-30 22:00:00,2.1666666666666665,7.216666666666668
2024-09-30 22:30:00,2.7999999999999994,7.783333333333332
2024-09-30 23:00:00,2.2166666666666663,8.116666666666667
2024-09-30 23:30:00,2.1666666666666665,8.283333333333333
2024-10-01 00:00:00,1.6666666666666667,7.699999999999999
2024-10-01 00:30:00,1.5833333333333333,5.316666666666666
2024-10-01 01:00:00,1.4333333333333333,5.516666666666666
2024-10-01 01:30:00,1.7,6.1499999999999995
2024-10-01 02:00:00,1.4666666666666668,5.866666666666667
2024-10-01 02:30:00,1.8499999999999999,7.8999999999999995
2024-10-01 03:00:00,2.016666666666667,7.183333333333334
2024-10-01 03:30:00,2.0833333333333335,6.95
2024-10-01 04:00:00,1.5833333333333333,8.450000000000001
2024-10-01 04:30:00,1.9166666666666667,7.366666666666667
2024-10-01 05:00:00,2.1166666666666667,6.333333333333333
2024-10-01 05:30:00,2.016666666666667,6.5
2024-10-01 06:00:00,2.0,7.3999999999999995
2024-10-01 06:30:00,2.0,5.866666666666667
2024-10-01 07:00:00,2.1666666666666665,7.1499999999999995
2024-10-01 07:30:00,2.6166666666666667,8.733333333333333
2024-10-01 08:00:00,3.9444444444444446,10.833333333333334
2024-10-01 08:30:00,3.9277777777777776,13.0
2024-10-01 09:00:00,4.2,12.855555555555556
2024-10-01 09:30:00,3.3444444444444446,9.655555555555553
2024-10-01 10:00:00,2.033333333333333,7.066666666666666
2024-10-01 10:30:00,1.5166666666666668,7.316666666666667
2024-10-01 11:00:00,1.0,3.933333333333333
2024-10-01 11:30:00,0.6666666666666666,2.8333333333333335
2024-10-01 12:00:00,0.5666666666666668,2.683333333333333
2024-10-01 12:30:00,0.5888888888888889,2.8333333333333335
2024-10-01 13:00:00,0.7111111111111111,3.211111111111111
2024-10-01 13:30:00,0.688888888888889,2.8444444444444446
2024-10-01 14:00:00,0.7222222222222222,3.5444444444444443
2024-10-01 14:30:00,0.6888888888888888,3.6
2024-10-01 15:00:00,0.6666666666666666,2.8444444444444446
2024-10-01 15:30:00,0.6166666666666667,3.222222222222222
2024-10-01 16:00:00,0.6055555555555555,3.472222222222222
2024-10-01 16:30:00,0.7444444444444445,4.288888888888889
2024-10-01 17:00:00,0.7222222222222222,4.477777777777778
2024-10-01 17:30:00,0.7166666666666668,4.766666666666667
2024-10-01 18:00:00,0.811111111111111,4.822222222222222
2024-10-01 18:30:00,0.7611111111111111,4.0888888888888895
2024-10-01 19:00:00,0.8777777777777779,4.4944444444444445
2024-10-01 19:30:00,0.7833333333333332,5.55
2024-10-01 20:00:00,0.8277777777777778,3.6833333333333336
2024-10-01 20:30:00,1.1666666666666667,6.222222222222221
2024-10-01 21:00:00,0.8722222222222222,5.105555555555555
2024-10-01 21:30:00,0.8333333333333334,5.233333333333333
2024-10-01 22:00:00,0.9333333333333335,5.583333333333333
2024-10-01 22:30:00,1.2333333333333332,4.933333333333334
2024-10-01 23:00:00,1.2333333333333334,5.166666666666667
2024-10-01 23:30:00,1.3166666666666667,6.1000000000000005
2024-10-02 00:00:00,1.2666666666666668,5.616666666666667
2024-10-02 00:30:00,1.2833333333333332,6.583333333333333
2024-10-02 01:00:00,1.3,6.683333333333334
2024-10-02 01:30:00,1.3833333333333335,8.233333333333333
2024-10-02 02:00:00,1.7000000000000002,7.716666666666666
2024-10-02 02:30:00,2.1666666666666665,8.766666666666667
2024-10-02 03:00:00,2.283333333333333,7.583333333333333
2024-10-02 03:30:00,1.8499999999999999,5.699999999999999
2024-10-02 04:00:00,2.0,6.483333333333333
2024-10-02 04:30:00,1.5833333333333333,5.166666666666666
2024-10-02 05:00:00,2.65,6.7
2024-10-02 05:30:00,1.95,6.166666666666667
2024-10-02 06:00:00,1.7,5.283333333333334
2024-10-02 06:30:00,1.6500000000000001,5.650000000000001
2024-10-02 07:00:00,4.783333333333333,10.433333333333332
2024-10-02 07:30:00,7.083333333333333,15.65
2024-10-02 08:00:00,7.05,17.533333333333335
2024-10-02 08:30:00,5.666666666666667,12.466666666666667
2024-10-02 09:00:00,4.6000000000000005,13.283333333333333
2024-10-02 09:30:00,4.094444444444444,10.955555555555556
2024-10-02 10:00:00,2.638888888888889,8.238888888888889
2024-10-02 10:30:00,2.6888888888888887,8.977777777777776
2024-10-02 11:00:00,2.161111111111111,6.805555555555556
2024-10-02 11:30:00,1.8555555555555554,8.077777777777778
2024-10-02 12:00:00,1.5055555555555553,6.211111111111111
2024-10-02 12:30:00,1.5166666666666668,4.7
2024-10-02 13:00:00,1.111111111111111,3.1833333333333336
2024-10-02 13:30:00,1.2444444444444445,3.922222222222222
2024-10-02 14:00:00,0.9888888888888889,4.011111111111111
2024-10-02 14:30:00,1.0111111111111108,4.8
2024-10-02 15:00:00,0.888888888888889,2.6666666666666665
2024-10-02 15:30:00,0.9777777777777777,3.433333333333333
2024-10-02 16:00:00,1.2666666666666668,4.622222222222223
2024-10-02 16:30:00,1.4333333333333333,4.455555555555556
2024-10-02 17:00:00,1.4777777777777779,4.388888888888888
2024-10-02 17:30:00,1.211111111111111,4.133333333333334
2024-10-02 18:00:00,1.1777777777777778,3.1666666666666665
2024-10-02 18:30:00,1.3166666666666667,3.466666666666667
2024-10-02 19:00:00,1.4000000000000001,4.588888888888889
2024-10-02 19:30:00,2.3222222222222224,7.122222222222223
2024-10-02 20:00:00,3.3277777777777775,8.055555555555555
2024-10-02 20:30:00,3.8333333333333335,9.488888888888889
2024-10-02 21:00:00,8.28888888888889,15.383333333333333
2024-10-02 21:30:00,3.1277777777777778,7.316666666666666
2024-10-02 22:00:00,3.1444444444444444,8.799999999999999
2024-10-02 22:30:00,2.766666666666666,6.777777777777778
2024-10-02 23:00:00,1.9000000000000001,7.077777777777778
2024-10-02 23:30:00,1.5555555555555556,4.222222222222222
2024-10-03 00:00:00,1.2111111111111112,4.144444444444445
2024-10-03 00:30:00,1.4777777777777779,3.8111111111111113
2024-10-03 01:00:00,1.5222222222222221,4.2444444444444445
2024-10-03 01:30:00,1.5333333333333332,4.566666666666666
2024-10-03 02:00:00,1.2444444444444445,3.9333333333333336
2024-10-03 02:30:00,1.4333333333333333,4.266666666666667
2024-10-03 03:00:00,1.7444444444444447,5.088888888888889
2024-10-03 03:30:00,1.3222222222222222,4.177777777777778
2024-10-03 04:00:00,1.2777777777777777,3.6555555555555554
2024-10-03 04:30:00,1.288888888888889,3.233333333333334
2024-10-03 05:00:00,1.377777777777778,2.9
2024-10-03 05:30:00,1.5222222222222221,4.833333333333333
2024-10-03 06:00:00,1.488888888888889,4.166666666666666
2024-10-03 06:30:00,1.6055555555555558,5.1499999999999995
2024-10-03 07:00:00,1.5777777777777777,4.788888888888889
2024-10-03 07:30:00,1.7777777777777777,5.522222222222222
2024-10-03 08:00:00,2.066666666666667,5.311111111111111
2024-10-03 08:30:00,2.111111111111111,8.9
2024-10-03 09:00:00,1.7444444444444445,5.655555555555555
2024-10-03 09:30:00,1.8444444444444443,6.577777777777777
2024-10-03 10:00:00,2.111111111111111,7.8999999999999995
2024-10-03 10:30:00,1.761111111111111,6.73888888888889
2024-10-03 11:00:00,1.8722222222222225,7.394444444444445
2024-10-03 11:30:00,1.7999999999999998,9.227777777777778
2024-10-03 12:00:00,1.7722222222222221,7.0055555555555555
2024-10-03 12:30:00,1.6388888888888886,7.361111111111112
2024-10-03 13:00:00,1.638888888888889,6.283333333333332
2024-10-03 13:30:00,1.8777777777777775,9.811111111111112
2024-10-03 14:00:00,1.6833333333333333,7.966666666666668
2024-10-03 14:30:00,1.0777777777777777,6.016666666666667
2024-10-03 15:00:00,0.8055555555555557,4.0
2024-10-03 15:30:00,0.4222222222222223,1.6444444444444446
2024-10-03 16:00:00,0.5333333333333333,2.6777777777777776
2024-10-03 16:30:00,0.9722222222222223,6.3999999999999995
2024-10-03 17:00:00,1.2666666666666666,7.066666666666666
2024-10-03 17:30:00,1.5888888888888892,9.866666666666667
2024-10-03 18:00:00,1.8055555555555556,11.111111111111109
2024-10-03 18:30:00,1.4833333333333334,7.650000000000001
2024-10-03 19:00:00,1.8666666666666665,8.666666666666666
2024-10-03 19:30:00,1.7444444444444445,9.655555555555557
2024-10-03 20:00:00,1.8111111111111111,10.733333333333334
2024-10-03 20:30:00,1.8111111111111111,9.944444444444445
2024-10-03 21:00:00,1.622222222222222,8.177777777777777
2024-10-03 21:30:00,1.488888888888889,10.0
2024-10-03 22:00:00,1.4333333333333333,7.5555555555555545
2024-10-03 22:30:00,1.633333333333333,8.922222222222222
2024-10-03 23:00:00,1.8444444444444443,9.511111111111111
2024-10-03 23:30:00,1.6333333333333335,8.688888888888888
2024-10-04 00:00:00,1.3333333333333333,7.877777777777776
2024-10-04 00:30:00,1.5555555555555556,8.333333333333334
2024-10-04 01:00:00,1.4333333333333333,6.977777777777778
2024-10-04 01:30:00,1.2666666666666666,7.722222222222221
2024-10-04 02:00:00,1.2888888888888888,5.900000000000001
2024-10-04 02:30:00,1.1777777777777778,5.777777777777779
2024-10-04 03:00:00,1.2222222222222223,5.111111111111112
2024-10-04 03:30:00,1.1888888888888889,5.433333333333334
2024-10-04 04:00:00,1.2666666666666666,7.266666666666667
2024-10-04 04:30:00,1.1666666666666667,6.833333333333333
2024-10-04 05:00:00,1.3666666666666665,7.722222222222222
2024-10-04 05:30:00,1.2444444444444445,7.477777777777778
2024-10-04 06:00:00,1.288888888888889,6.2
2024-10-04 06:30:00,1.4111111111111108,6.900000000000001
2024-10-04 07:00:00,1.6444444444444446,7.48888888888889
2024-10-04 07:30:00,1.7222222222222223,8.422222222222222
2024-10-04 08:00:00,1.9444444444444444,10.055555555555557
2024-10-04 08:30:00,2.1277777777777778,8.988888888888889
2024-10-04 09:00:00,2.027777777777778,9.277777777777779
2024-10-04 09:30:00,1.9222222222222225,12.266666666666667
2024-10-04 10:00:00,1.633333333333333,7.955555555555556
2024-10-04 10:30:00,1.3999999999999997,7.588888888888889
2024-10-04 11:00:00,1.4111111111111112,6.166666666666667
2024-10-04 11:30:00,1.211111111111111,6.377777777777777
2024-10-04 12:00:00,1.2666666666666666,5.4111111111111105
2024-10-04 12:30:00,1.1777777777777778,4.455555555555556
2024-10-04 13:00:00,1.0888888888888888,5.477777777777778
2024-10-04 13:30:00,0.9555555555555554,3.244444444444444
2024-10-04 14:00:00,1.0888888888888888,4.133333333333334
2024-10-04 14:30:00,0.8888888888888888,2.8444444444444446
2024-10-04 15:00:00,0.7944444444444444,4.427777777777777
2024-10-04 15:30:00,1.0,4.866666666666667
2024-10-04 16:00:00,0.8333333333333334,3.7833333333333337
2024-10-04 16:30:00,0.8166666666666668,4.172222222222222
2024-10-04 17:00:00,0.8222222222222223,3.1777777777777776
2024-10-04 17:30:00,0.8222222222222223,3.8777777777777778
2024-10-04 18:00:00,0.8333333333333334,3.466666666666667
2024-10-04 18:30:00,1.2666666666666666,5.266666666666667
2024-10-04 19:00:00,1.2166666666666668,5.383333333333333
2024-10-04 19:30:00,1.25,4.433333333333333
2024-10-04 20:00:00,1.3833333333333335,5.333333333333333
2024-10-04 20:30:00,1.95,7.216666666666666
2024-10-04 21:00:00,1.2666666666666668,3.816666666666667
2024-10-04 21:30:00,1.3166666666666667,4.183333333333333
2024-10-04 22:00:00,1.4333333333333333,5.316666666666666
2024-10-04 22:30:00,1.6833333333333333,5.566666666666666
2024-10-04 23:00:00,1.4833333333333334,5.55
2024-10-04 23:30:00,1.4000000000000001,6.933333333333334
2024-10-05 00:00:00,1.3500000000000003,6.316666666666666
2024-10-05 00:30:00,1.2833333333333334,5.266666666666667
2024-10-05 01:00:00,1.0833333333333333,4.583333333333333
2024-10-05 01:30:00,1.3,5.7
2024-10-05 02:00:00,1.1500000000000001,4.883333333333334
2024-10-05 02:30:00,1.3166666666666667,5.283333333333334
2024-10-05 03:00:00,1.2833333333333334,5.0
2024-10-05 03:30:00,1.0166666666666666,3.8000000000000003
2024-10-05 04:00:00,1.1,5.5
2024-10-05 04:30:00,1.1833333333333333,4.533333333333333
2024-10-05 05:00:00,1.2166666666666668,6.216666666666668
2024-10-05 05:30:00,0.9333333333333332,4.816666666666667
2024-10-05 06:00:00,1.116666666666667,6.1000000000000005
2024-10-05 06:30:00,1.15,5.95
2024-10-05 07:00:00,1.1833333333333333,6.216666666666666
2024-10-05 07:30:00,1.2833333333333332,5.416666666666667
2024-10-05 08:00:00,1.6166666666666665,8.216666666666667
2024-10-05 08:30:00,1.9166666666666667,7.316666666666667
2024-10-05 09:00:00,2.1999999999999997,7.966666666666666
2024-10-05 09:30:00,2.533333333333333,9.716666666666667
2024-10-05 10:00:00,1.4166666666666667,7.166666666666667
2024-10-05 10:30:00,1.5222222222222221,4.822222222222222
2024-10-05 11:00:00,1.877777777777778,5.966666666666666
2024-10-05 11:30:00,1.6555555555555552,6.066666666666667
2024-10-05 12:00:00,1.1555555555555557,4.2444444444444445
2024-10-05 12:30:00,1.2111111111111112,3.5444444444444443
2024-10-05 13:00:00,1.2,3.744444444444444
2024-10-05 13:30:00,1.1333333333333335,2.911111111111111
2024-10-05 14:00:00,1.1333333333333333,3.7999999999999994
2024-10-05 14:30:00,1.0333333333333334,3.711111111111111
2024-10-05 15:00:00,0.9111111111111111,3.5
2024-10-05 15:30:00,0.9666666666666667,4.311111111111111
2024-10-05 16:00:00,0.9888888888888888,3.088888888888889
2024-10-05 16:30:00,1.2166666666666666,5.116666666666666
2024-10-05 17:00:00,1.1166666666666665,3.8722222222222222
2024-10-05 17:30:00,1.5777777777777782,4.6000000000000005
2024-10-05 18:00:00,1.4555555555555557,5.327777777777777
2024-10-05 18:30:00,1.3222222222222222,5.122222222222223
2024-10-05 19:00:00,1.7777777777777775,5.4444444444444455
2024-10-05 19:30:00,1.7,6.01111111111111
2024-10-05 20:00:00,1.6555555555555557,4.3
2024-10-05 20:30:00,2.777777777777778,7.9444444444444455
2024-10-05 21:00:00,2.8222222222222224,7.927777777777777
2024-10-05 21:30:00,2.611111111111111,6.533333333333334
2024-10-05 22:00:00,2.288888888888889,6.711111111111111
2024-10-05 22:30:00,2.1666666666666665,6.372222222222223
2024-10-05 23:00:00,1.8166666666666664,5.349999999999999
2024-10-05 23:30:00,2.1333333333333333,6.422222222222222
2024-10-06 00:00:00,1.9333333333333336,5.8999999999999995
2024-10-06 00:30:00,2.9222222222222225,7.388888888888889
2024-10-06 01:00:00,3.1944444444444446,7.227777777777778
2024-10-06 01:30:00,3.4888888888888894,8.938888888888888
2024-10-06 02:00:00,2.9166666666666665,7.272222222222222
2024-10-06 02:30:00,3.238888888888889,8.305555555555555
2024-10-06 03:00:00,3.1166666666666667,8.266666666666667
2024-10-06 03:30:00,2.777777777777778,6.844444444444445
2024-10-06 04:00:00,2.783333333333333,7.338888888888889
2024-10-06 04:30:00,3.4388888888888887,9.03888888888889
2024-10-06 05:00:00,3.011111111111111,7.666666666666667
2024-10-06 05:30:00,2.266666666666667,6.183333333333334
2024-10-06 06:00:00,2.3944444444444444,6.727777777777778
2024-10-06 06:30:00,2.566666666666667,6.277777777777779
2024-10-06 07:00:00,2.422222222222222,6.227777777777778
2024-10-06 07:30:00,2.6222222222222222,6.050000000000001
2024-10-06 08:00:00,2.6666666666666665,5.816666666666667
2024-10-06 08:30:00,2.9,5.8500000000000005
2024-10-06 09:00:00,3.3388888888888886,8.549999999999999
2024-10-06 09:30:00,2.8222222222222224,8.655555555555557
2024-10-06 10:00:00,2.505555555555556,7.122222222222223
2024-10-06 10:30:00,2.1666666666666665,6.383333333333334
2024-10-06 11:00:00,1.3333333333333333,3.6444444444444444
2024-10-06 11:30:00,1.377777777777778,3.8444444444444446
2024-10-06 12:00:00,1.3444444444444443,3.8777777777777778
2024-10-06 12:30:00,1.3166666666666667,2.9333333333333336
2024-10-06 13:00:00,0.9333333333333332,2.477777777777778
2024-10-06 13:30:00,0.9333333333333332,2.7944444444444443
2024-10-06 14:00:00,0.9222222222222222,2.6222222222222222
2024-10-06 14:30:00,0.7777777777777778,2.022222222222222
2024-10-06 15:00:00,0.6499999999999999,2.0
2024-10-06 15:30:00,0.65,1.4166666666666667
2024-10-06 16:00:00,0.8888888888888888,2.2944444444444447
2024-10-06 16:30:00,0.7166666666666668,3.0833333333333335
2024-10-06 17:00:00,0.7388888888888889,2.2666666666666666
2024-10-06 17:30:00,0.85,2.227777777777778
2024-10-06 18:00:00,0.7333333333333334,2.6833333333333336
2024-10-06 18:30:00,0.9055555555555556,4.127777777777777
2024-10-06 19:00:00,0.9444444444444445,3.3888888888888893
2024-10-06 19:30:00,1.0666666666666667,3.8000000000000003
2024-10-06 20:00:00,1.972222222222222,5.038888888888889
2024-10-06 20:30:00,2.6333333333333333,6.766666666666667
2024-10-06 21:00:00,1.4666666666666668,5.599999999999999
2024-10-06 21:30:00,1.0833333333333333,4.233333333333333
2024-10-06 22:00:00,1.0166666666666666,3.6
2024-10-06 22:30:00,1.05,3.15
2024-10-06 23:00:00,1.211111111111111,4.927777777777778
2024-10-06 23:30:00,1.05,3.5499999999999994
2024-10-07 00:00:00,1.0,3.422222222222222
2024-10-07 00:30:00,1.3666666666666665,4.033333333333334
2024-10-07 01:00:00,1.2277777777777776,4.561111111111111
2024-10-07 01:30:00,1.0166666666666666,3.016666666666667
2024-10-07 02:00:00,1.3333333333333333,4.616666666666667
2024-10-07 02:30:00,1.3555555555555554,3.8111111111111113
2024-10-07 03:00:00,1.25,3.9499999999999997
2024-10-07 03:30:00,1.2999999999999998,4.861111111111111
2024-10-07 04:00:00,1.3277777777777777,3.661111111111111
2024-10-07 04:30:00,1.3,3.0666666666666664
2024-10-07 05:00:00,1.3833333333333335,2.966666666666667
2024-10-07 05:30:00,1.4777777777777779,3.6833333333333336
2024-10-07 06:00:00,1.4833333333333334,4.066666666666666
2024-10-07 06:30:00,1.9722222222222223,4.983333333333333
2024-10-07 07:00:00,2.0,5.355555555555555
2024-10-07 07:30:00,2.388888888888889,6.688888888888889
2024-10-07 08:00:00,2.8000000000000003,8.866666666666667
2024-10-07 08:30:00,2.316666666666667,5.716666666666666
2024-10-07 09:00:00,2.283333333333333,8.666666666666666
2024-10-07 09:30:00,2.183333333333333,7.433333333333333
2024-10-07 10:00:00,1.0,5.033333333333334
2024-10-07 10:30:00,1.05,5.1000000000000005
2024-10-07 11:00:00,0.9333333333333332,2.8166666666666664
2024-10-07 11:30:00,0.8166666666666668,3.5999999999999996
2024-10-07 12:00:00,0.7166666666666667,2.716666666666667
2024-10-07 12:30:00,0.9777777777777779,4.422222222222222
2024-10-07 13:00:00,1.5,6.416666666666667
2024-10-07 13:30:00,1.05,6.1000000000000005
2024-10-07 14:00:00,1.0666666666666667,3.216666666666667
2024-10-07 14:30:00,1.0666666666666667,4.383333333333334
2024-10-07 15:00:00,1.538888888888889,5.205555555555556
2024-10-07 15:30:00,1.9722222222222225,6.816666666666667
2024-10-07 16:00:00,2.183333333333333,6.483333333333334
2024-10-07 16:30:00,2.5444444444444443,6.427777777777777
2024-10-07 17:00:00,2.8666666666666667,8.350000000000001
2024-10-07 17:30:00,3.5666666666666664,11.783333333333333
2024-10-07 18:00:00,3.4500000000000006,7.8
2024-10-07 18:30:00,3.0555555555555554,7.6499999999999995
2024-10-07 19:00:00,3.022222222222222,7.777777777777778
2024-10-07 19:30:00,2.85,7.677777777777778
2024-10-07 20:00:00,2.85,7.138888888888888
2024-10-07 20:30:00,3.4444444444444446,8.7
2024-10-07 21:00:00,3.6999999999999997,10.355555555555556
2024-10-07 21:30:00,3.5999999999999996,10.322222222222221
2024-10-07 22:00:00,3.6777777777777776,11.355555555555556
2024-10-07 22:30:00,3.266666666666666,12.800000000000002
2024-10-07 23:00:00,3.0666666666666664,11.6
2024-10-07 23:30:00,2.9111111111111114,10.31111111111111
2024-10-08 00:00:00,2.9,10.200000000000001
