id,hum,pres,rain_1h,wind_speed,wind_deg,clouds_all,max_temp,min_temp,ave_temp,cod_weather,ts_get
42639,70,1012,0.0,2.57,200,0,27.66,26.53,27.49,800,2024-09-07 00:00:02
42640,68,1011,0.0,0.51,0,20,26.81,26.53,26.55,801,2024-09-07 01:00:02
42641,74,1011,0.0,1.03,60,0,26.55,23.79,25.87,800,2024-09-07 02:00:02
42642,75,1011,0.0,0.51,0,0,25.97,23.79,25.15,800,2024-09-07 03:00:02
42643,76,1011,0.0,1.54,40,0,25.44,23.79,24.97,800,2024-09-07 04:00:02
42644,76,1012,0.0,2.57,350,0,25.44,23.23,24.97,800,2024-09-07 05:00:02
42645,78,1012,0.0,3.09,290,0,25.99,23.79,25.19,800,2024-09-07 06:00:02
42646,70,1012,0.0,2.06,70,0,27.08,24.81,26.16,800,2024-09-07 07:00:02
42647,65,1012,0.0,2.57,140,0,28.75,27.81,28.3,800,2024-09-07 08:00:01
42648,61,1013,0.0,2.06,180,0,31.53,28.79,30.69,800,2024-09-07 09:00:02
42649,60,1013,0.0,3.6,210,0,31.53,30.44,30.9,800,2024-09-07 10:00:03
42650,59,1013,0.0,5.66,200,0,32.81,31.53,31.9,800,2024-09-07 11:00:02
42651,61,1013,0.0,6.69,200,0,32.12,31.53,31.83,800,2024-09-07 12:00:03
42652,60,1013,0.0,5.66,170,0,32.81,31.01,32.12,800,2024-09-07 13:00:02
42653,64,1013,0.0,6.69,170,0,32.12,30.97,31.22,800,2024-09-07 14:00:02
42654,67,1013,0.0,6.69,160,0,31.57,30.44,30.72,800,2024-09-07 15:00:02
42655,68,1013,0.0,5.14,190,0,30.42,29.81,29.97,800,2024-09-07 16:00:03
42656,69,1013,0.0,4.12,180,0,29.88,28.81,29.88,800,2024-09-07 17:00:03
42657,73,1013,0.0,4.63,180,20,28.77,27.81,28.77,801,2024-09-07 18:00:02
42658,79,1014,0.0,4.12,170,0,28.79,27.81,28.28,800,2024-09-07 19:00:02
42659,77,1014,0.0,3.6,170,20,28.75,27.68,28.28,801,2024-09-07 20:00:02
42660,74,1014,0.0,4.12,160,20,28.75,26.57,28.28,801,2024-09-07 21:00:02
42661,68,1014,0.0,4.12,160,20,28.75,27.81,28.3,801,2024-09-07 22:00:02
42662,68,1013,0.0,2.57,150,0,28.75,27.66,27.83,800,2024-09-07 23:00:01
42663,68,1013,0.0,0.45,150,42,28.19,25.46,27.91,802,2024-09-08 00:00:03
42664,70,1012,0.0,2.05,135,66,28.19,25.46,27.91,803,2024-09-08 01:00:01
42665,68,1012,0.0,1.54,180,0,28.19,26.81,27.75,800,2024-09-08 02:00:03
42666,64,1011,0.0,1.03,290,0,27.66,25.81,27.66,800,2024-09-08 03:00:02
42667,66,1011,0.0,1.54,240,0,27.66,26.81,27.57,800,2024-09-08 04:00:02
42668,68,1011,0.0,1.03,180,0,27.1,25.81,27.01,800,2024-09-08 05:00:01
42669,67,1012,0.0,2.06,180,0,27.66,26.81,27.66,800,2024-09-08 06:00:01
42670,68,1012,0.0,2.57,170,0,29.3,27.81,28.86,800,2024-09-08 07:00:03
42671,67,1012,0.0,3.6,160,0,29.86,28.81,29.41,800,2024-09-08 08:00:03
42672,67,1011,0.0,4.12,160,0,30.81,29.34,30.54,800,2024-09-08 09:00:01
42673,67,1011,0.0,4.63,160,100,30.99,29.81,30.65,804,2024-09-08 10:00:03
42674,68,1010,0.0,5.14,180,0,30.99,30.42,30.76,800,2024-09-08 11:00:03
42675,69,1010,0.0,6.17,160,0,31.01,29.81,30.26,800,2024-09-08 12:00:02
42676,66,1009,0.0,6.17,150,0,31.81,30.44,31.0,800,2024-09-08 13:00:02
42677,68,1008,0.0,5.66,170,0,31.81,29.86,30.86,800,2024-09-08 14:00:03
42678,73,1007,0.0,6.69,170,0,30.81,29.86,30.36,800,2024-09-08 15:00:01
42679,75,1007,0.0,6.17,160,0,31.01,29.3,29.67,800,2024-09-08 16:00:02
42680,75,1007,0.18,3.6,150,0,30.46,28.75,29.06,500,2024-09-08 17:00:02
42681,77,1008,0.0,2.68,322,20,29.9,28.19,28.38,801,2024-09-08 18:00:02
42682,75,1009,0.0,7.72,20,20,26.81,26.53,26.55,801,2024-09-08 19:00:02
42683,73,1009,0.28,6.17,360,20,25.44,24.81,25.44,500,2024-09-08 20:00:02
42684,78,1009,0.0,6.17,10,40,23.77,22.81,23.68,802,2024-09-08 21:00:02
42685,83,1009,0.0,2.68,283,40,23.79,22.81,23.49,802,2024-09-08 22:00:02
42686,84,1009,0.42,4.12,360,20,23.79,22.81,23.49,500,2024-09-08 23:00:03
42687,85,1010,0.0,2.68,311,20,24.34,22.81,23.31,801,2024-09-09 00:00:03
42688,84,1010,0.0,3.09,350,20,23.79,22.81,23.31,801,2024-09-09 01:00:02
42689,80,1009,0.0,3.09,20,20,24.34,23.19,23.59,801,2024-09-09 02:00:02
42690,80,1009,0.0,3.09,20,40,24.34,23.19,23.59,802,2024-09-09 03:00:02
42691,82,1009,0.0,4.63,10,40,24.34,22.64,22.91,802,2024-09-09 04:00:03
42692,80,1010,0.0,4.63,340,20,24.34,22.64,22.91,801,2024-09-09 05:00:02
42693,78,1010,0.0,4.12,340,20,23.79,21.81,22.63,801,2024-09-09 06:00:03
42694,71,1010,0.0,5.66,340,0,24.34,23.75,23.78,800,2024-09-09 07:00:02
42695,65,1011,0.0,7.2,350,20,24.9,24.81,24.86,801,2024-09-09 08:00:02
42696,56,1011,0.0,7.72,350,20,25.99,25.42,25.76,801,2024-09-09 09:00:02
42697,51,1011,0.0,8.23,350,20,26.81,26.53,26.62,801,2024-09-09 10:00:04
42698,46,1011,0.0,7.72,340,20,27.81,27.08,27.52,801,2024-09-09 11:00:02
42699,41,1010,0.0,10.29,340,20,28.23,27.64,27.7,801,2024-09-09 12:00:03
42700,38,1010,0.0,10.29,340,20,28.23,27.64,27.91,801,2024-09-09 13:00:03
42701,43,1010,0.0,9.26,340,20,28.23,26.81,27.01,801,2024-09-09 14:00:03
42702,42,1010,0.0,9.77,340,20,27.81,26.53,27.12,801,2024-09-09 15:00:02
42703,44,1010,0.0,10.29,350,20,26.81,25.97,26.44,801,2024-09-09 16:00:02
42704,49,1010,0.0,9.26,330,20,26.01,25.42,25.54,801,2024-09-09 17:00:02
42705,56,1010,0.0,8.23,340,20,24.81,24.3,24.46,801,2024-09-09 18:00:02
42706,57,1011,0.0,4.92,350,20,23.81,23.75,23.78,801,2024-09-09 19:00:03
42707,59,1011,0.0,6.17,340,20,23.81,23.19,23.59,801,2024-09-09 20:00:02
42708,61,1012,0.0,7.72,340,0,23.77,22.81,23.31,800,2024-09-09 21:00:02
42709,60,1011,0.0,7.72,340,0,23.81,23.19,23.59,800,2024-09-09 22:00:03
42710,59,1011,0.0,9.77,340,0,23.81,23.19,23.59,800,2024-09-09 23:00:02
42711,57,1011,0.0,9.26,330,0,23.81,23.75,23.78,800,2024-09-10 00:00:03
42712,59,1011,0.0,8.75,340,0,23.81,23.19,23.59,800,2024-09-10 01:00:02
42713,60,1010,0.0,4.02,333,3,23.77,23.19,23.51,800,2024-09-10 02:00:03
42714,62,1010,0.0,6.69,340,20,23.23,22.64,22.91,801,2024-09-10 03:00:02
42715,61,1010,0.0,5.66,350,20,23.23,22.64,22.91,801,2024-09-10 04:00:02
42716,62,1011,0.0,6.17,350,20,22.81,22.64,22.7,801,2024-09-10 05:00:03
42717,63,1011,0.0,6.69,340,20,22.81,22.08,22.52,801,2024-09-10 06:00:02
42718,60,1011,0.0,6.69,350,20,23.81,23.23,23.78,801,2024-09-10 07:00:02
42719,55,1012,0.0,7.72,350,40,24.86,23.81,24.35,802,2024-09-10 08:00:02
42720,49,1012,0.0,10.29,360,40,25.97,25.44,25.72,802,2024-09-10 09:00:03
42721,47,1012,0.0,10.8,350,20,26.57,25.81,26.12,801,2024-09-10 10:00:02
42722,47,1011,0.0,11.83,360,20,27.12,26.53,26.62,801,2024-09-10 11:00:02
42723,46,1011,0.0,10.8,360,20,27.68,26.53,26.62,801,2024-09-10 12:00:02
42724,46,1011,0.0,11.83,360,20,28.23,25.99,26.69,801,2024-09-10 13:00:02
42725,41,1011,0.0,10.8,360,40,26.81,25.99,26.08,802,2024-09-10 14:00:02
42726,42,1011,0.0,9.77,340,40,26.81,25.97,25.99,802,2024-09-10 15:00:02
42727,43,1011,0.0,7.72,350,20,27.68,25.42,25.82,801,2024-09-10 16:00:02
42728,47,1011,0.0,8.75,350,0,26.01,24.3,24.67,800,2024-09-10 17:00:02
42729,53,1012,0.0,7.72,340,20,24.34,23.19,23.38,801,2024-09-10 18:00:02
42730,57,1013,0.0,5.66,350,20,23.23,22.08,22.52,801,2024-09-10 19:00:03
42731,61,1013,0.0,5.66,360,0,22.12,21.53,21.83,800,2024-09-10 20:00:02
42732,64,1013,0.0,6.17,10,0,21.57,20.81,21.15,800,2024-09-10 21:00:02
42733,64,1013,0.0,7.2,10,0,21.57,20.81,21.15,800,2024-09-10 22:00:02
42734,64,1013,0.0,6.17,20,0,21.01,20.81,20.94,800,2024-09-10 23:00:02
42735,64,1012,0.0,5.66,10,0,21.01,19.81,20.26,800,2024-09-11 00:00:01
42736,64,1012,0.0,6.17,10,0,21.01,19.81,20.26,800,2024-09-11 01:00:02
42737,67,1011,0.0,5.14,10,0,20.46,18.81,19.57,800,2024-09-11 02:00:02
42738,67,1011,0.0,4.12,20,0,20.46,18.81,19.39,800,2024-09-11 03:00:02
42739,68,1011,0.0,4.12,20,0,20.46,18.81,19.57,800,2024-09-11 04:00:03
42740,67,1011,0.0,0.89,360,1,21.01,19.86,19.87,800,2024-09-11 05:00:02
42741,66,1011,0.0,0.89,339,1,21.01,20.42,20.43,800,2024-09-11 06:00:02
42742,63,1011,0.0,1.34,55,0,22.08,21.55,21.8,800,2024-09-11 07:00:02
42743,61,1011,0.0,3.6,10,40,23.77,22.81,23.49,802,2024-09-11 08:00:02
42744,57,1011,0.0,5.14,360,40,24.86,24.32,24.64,802,2024-09-11 09:00:04
42745,51,1011,0.0,6.69,350,40,25.99,25.46,25.94,802,2024-09-11 10:00:02
42746,47,1011,0.0,7.2,350,40,27.81,26.53,26.9,802,2024-09-11 11:00:02
42747,44,1011,0.0,7.2,350,20,27.81,26.55,27.08,801,2024-09-11 12:00:02
42748,45,1011,0.0,7.72,340,20,28.23,27.08,27.3,801,2024-09-11 13:00:02
42749,48,1010,0.0,8.23,340,20,28.23,26.53,26.9,801,2024-09-11 14:00:03
42750,46,1011,0.0,8.23,340,20,26.81,26.53,26.55,801,2024-09-11 15:00:02
42751,45,1011,0.0,8.23,330,0,26.81,25.42,25.9,800,2024-09-11 16:00:02
42752,47,1012,0.0,8.75,340,0,24.88,24.3,24.79,800,2024-09-11 17:00:02
42753,53,1012,0.0,7.72,350,0,23.81,22.64,23.12,800,2024-09-11 18:00:02
42754,60,1013,0.0,5.66,350,0,22.66,21.81,22.57,800,2024-09-11 19:00:02
42755,65,1013,0.0,5.36,310,0,23.23,21.53,21.83,800,2024-09-11 20:00:02
42756,70,1013,0.0,5.14,360,0,22.68,20.42,20.97,800,2024-09-11 21:00:02
42757,69,1014,0.0,5.14,30,0,22.12,20.42,20.76,800,2024-09-11 22:00:02
42758,67,1013,0.0,3.6,20,0,20.44,19.81,20.44,800,2024-09-11 23:00:02
42759,69,1013,0.0,5.14,10,0,19.88,18.81,19.88,800,2024-09-12 00:00:02
42760,70,1013,0.0,4.12,360,0,19.88,18.81,19.79,800,2024-09-12 01:00:02
42761,75,1012,0.0,3.13,11,0,21.01,18.81,19.57,800,2024-09-12 02:00:01
42762,73,1012,0.0,1.79,349,0,21.01,19.3,19.62,800,2024-09-12 03:00:02
42763,78,1012,0.0,2.57,30,0,21.01,17.81,18.93,800,2024-09-12 04:00:02
42764,72,1012,0.0,1.34,5,34,21.01,19.3,19.62,802,2024-09-12 05:00:02
42765,74,1013,0.0,3.09,350,0,21.01,18.81,19.57,800,2024-09-12 06:00:02
42766,68,1013,0.0,2.57,10,0,22.64,20.81,21.91,800,2024-09-12 07:00:02
42767,61,1013,0.0,3.13,331,98,23.79,23.21,23.46,804,2024-09-12 08:00:02
42768,57,1012,0.0,4.12,330,20,24.9,24.3,24.46,801,2024-09-12 09:00:02
42769,58,1012,0.38,4.12,320,20,24.9,24.81,24.86,500,2024-09-12 10:00:09
42770,54,1011,0.0,2.06,190,40,26.81,24.88,25.61,802,2024-09-12 11:00:02
42771,62,1011,0.0,4.63,220,75,27.12,24.86,25.36,803,2024-09-12 12:00:03
42772,61,1010,0.0,4.12,300,75,26.57,24.81,25.44,803,2024-09-12 13:00:02
42773,60,1010,0.0,7.72,300,40,24.81,24.3,24.32,802,2024-09-12 14:00:04
42774,73,1010,0.27,4.12,310,40,23.21,22.64,22.91,520,2024-09-12 15:00:03
42775,75,1009,0.56,4.47,300,40,23.23,20.97,21.65,520,2024-09-12 16:00:02
42776,69,1010,0.13,5.66,340,40,19.88,18.81,19.88,520,2024-09-12 17:00:02
42777,73,1011,0.0,4.63,340,40,20.46,18.19,18.88,802,2024-09-12 18:00:03
42778,71,1012,0.0,7.2,360,40,18.21,17.81,18.21,802,2024-09-12 19:00:03
42779,73,1012,0.0,5.66,360,40,19.34,16.81,17.63,802,2024-09-12 20:00:02
42780,71,1012,0.0,3.09,350,20,18.79,17.64,17.91,801,2024-09-12 21:00:02
42781,74,1012,0.0,2.68,283,0,18.79,16.81,17.45,800,2024-09-12 22:00:02
42782,71,1012,0.0,4.63,310,0,19.34,17.64,18.63,800,2024-09-12 23:00:02
42783,69,1012,0.0,4.63,300,0,19.34,17.64,18.63,800,2024-09-13 00:00:03
42784,66,1012,0.0,3.09,320,20,19.34,18.75,18.99,801,2024-09-13 01:00:02
42785,63,1012,0.0,2.68,282,0,19.34,18.75,18.99,800,2024-09-13 02:00:02
42786,60,1012,0.0,3.6,310,20,19.88,18.75,19.21,801,2024-09-13 03:00:03
42787,59,1012,0.0,3.09,330,20,19.88,18.75,19.21,801,2024-09-13 04:00:02
42788,58,1013,0.0,4.02,295,20,19.32,18.75,18.99,801,2024-09-13 05:00:01
42789,55,1013,0.0,4.63,330,20,19.32,18.23,18.99,801,2024-09-13 06:00:02
42790,51,1013,0.0,4.12,330,20,19.88,18.79,19.57,801,2024-09-13 07:00:03
42791,46,1014,0.0,7.2,340,20,20.44,19.34,20.26,801,2024-09-13 08:00:03
42792,41,1014,0.0,8.75,340,20,21.55,20.81,21.15,801,2024-09-13 09:00:03
42793,39,1014,0.0,8.23,330,20,22.81,21.57,22.3,801,2024-09-13 10:00:02
42794,38,1014,0.0,10.29,340,20,22.81,22.08,22.3,801,2024-09-13 11:00:03
42795,35,1014,0.0,10.29,330,20,22.81,22.08,22.52,801,2024-09-13 12:00:03
42796,34,1014,0.0,10.29,330,20,22.81,22.64,22.7,801,2024-09-13 13:00:02
42797,37,1014,0.0,11.32,340,20,22.81,22.08,22.3,801,2024-09-13 14:00:03
42798,37,1014,0.0,10.8,330,40,22.12,21.53,21.62,802,2024-09-13 15:00:03
42799,42,1014,0.0,10.29,330,40,21.81,20.42,21.04,802,2024-09-13 16:00:02
42800,43,1015,0.0,10.8,350,20,20.81,19.3,19.96,801,2024-09-13 17:00:02
42801,46,1016,0.0,8.75,350,20,19.32,18.75,18.99,801,2024-09-13 18:00:02
42802,47,1017,0.0,7.72,350,20,18.81,18.19,18.59,801,2024-09-13 19:00:02
42803,49,1018,0.0,6.69,340,20,18.77,17.68,18.31,801,2024-09-13 20:00:05
42804,48,1018,0.0,5.66,340,20,18.81,17.64,18.2,801,2024-09-13 21:00:03
42805,48,1017,0.0,5.66,340,20,18.21,17.64,17.91,801,2024-09-13 22:00:01
42806,50,1017,0.0,4.12,340,20,18.21,17.08,17.73,801,2024-09-13 23:00:02
42807,53,1017,0.0,1.03,0,20,17.68,15.81,16.95,801,2024-09-14 00:00:03
42808,53,1017,0.0,2.06,80,20,17.66,15.81,16.95,801,2024-09-14 01:00:02
42809,52,1016,0.0,2.06,60,20,17.12,16.81,17.01,801,2024-09-14 02:00:03
42810,54,1016,0.0,3.09,40,20,17.12,15.81,16.15,801,2024-09-14 03:00:02
42811,55,1016,0.0,2.06,320,20,17.12,14.81,15.47,801,2024-09-14 04:00:02
42812,56,1016,0.0,1.79,301,50,17.12,15.42,15.73,802,2024-09-14 05:00:02
42813,58,1017,0.0,1.79,347,43,17.12,15.42,16.04,802,2024-09-14 06:00:02
42814,54,1017,0.0,3.13,355,0,17.68,17.64,17.65,800,2024-09-14 07:00:03
42815,53,1017,0.0,4.02,289,0,19.3,17.81,18.67,800,2024-09-14 08:00:03
42816,45,1017,0.0,4.63,360,20,22.12,20.44,21.19,801,2024-09-14 10:00:05
42817,41,1016,0.0,4.12,330,20,23.23,22.64,22.72,801,2024-09-14 11:00:03
42818,35,1016,0.0,3.6,330,20,24.34,23.75,23.78,801,2024-09-14 12:00:02
42819,37,1016,0.0,4.63,330,20,24.9,23.81,24.08,801,2024-09-14 13:00:03
42820,40,1016,0.0,6.17,320,40,24.34,22.81,23.32,802,2024-09-14 14:00:02
42821,38,1016,0.0,4.63,320,20,24.3,23.79,24.08,801,2024-09-14 15:00:02
42822,40,1016,0.0,5.66,300,20,23.81,23.23,23.78,801,2024-09-14 16:00:02
42823,44,1016,0.0,6.17,320,20,23.23,22.08,22.42,801,2024-09-14 17:00:02
42824,53,1017,0.0,6.17,340,0,22.12,20.42,20.6,800,2024-09-14 18:00:03
42825,57,1017,0.0,4.63,330,0,20.46,19.3,19.54,800,2024-09-14 19:00:02
42826,64,1018,0.0,4.63,350,0,19.34,17.81,18.02,800,2024-09-14 20:00:02
42827,68,1018,0.0,3.6,350,0,18.79,16.81,17.26,800,2024-09-14 21:00:02
42828,69,1018,0.0,3.6,360,0,18.23,16.81,16.96,800,2024-09-14 22:00:03
42829,73,1018,0.0,4.12,10,0,18.23,15.81,16.49,800,2024-09-14 23:00:02
42830,73,1017,0.0,3.09,10,0,18.23,15.81,16.2,800,2024-09-15 00:00:03
42831,79,1017,0.0,3.6,350,0,17.68,13.81,14.68,800,2024-09-15 01:00:02
42832,83,1016,0.0,2.57,340,0,17.12,12.81,13.91,800,2024-09-15 03:00:03
42833,81,1016,0.0,3.09,330,0,13.75,12.81,13.75,800,2024-09-15 04:00:03
42834,84,1016,0.0,2.57,340,0,16.01,11.81,12.85,800,2024-09-15 05:00:02
42835,84,1016,0.0,2.68,293,0,15.46,11.81,12.85,800,2024-09-15 06:00:02
42836,75,1016,0.0,2.57,340,0,17.08,12.81,17.08,800,2024-09-15 07:00:02
42837,68,1016,0.0,2.68,331,0,19.3,16.81,19.3,800,2024-09-15 08:00:02
42838,56,1016,0.0,4.02,293,0,21.01,19.81,20.44,800,2024-09-15 09:00:04
42839,50,1016,0.0,5.14,10,20,23.23,21.81,22.42,801,2024-09-15 10:00:02
42840,40,1015,0.0,4.63,10,20,24.9,23.75,23.78,801,2024-09-15 11:00:02
42841,39,1015,0.0,3.6,330,20,25.46,24.81,24.86,801,2024-09-15 12:00:03
42842,38,1014,0.0,5.14,310,20,25.81,24.88,25.32,801,2024-09-15 13:00:02
42843,39,1014,0.0,6.17,310,0,26.57,24.86,25.14,800,2024-09-15 14:00:03
42844,40,1014,0.0,6.17,310,0,26.01,23.75,24.28,800,2024-09-15 15:00:02
42845,42,1014,0.0,6.17,320,0,23.21,22.81,23.21,800,2024-09-15 16:00:02
42846,48,1015,0.0,8.23,360,0,21.81,21.53,21.55,800,2024-09-15 17:00:02
42847,53,1015,0.0,5.66,350,0,22.12,20.42,20.54,800,2024-09-15 18:00:02
42848,59,1016,0.0,5.14,350,0,20.46,19.3,19.67,800,2024-09-15 19:00:02
42849,64,1016,0.0,4.12,340,0,19.9,17.81,18.49,800,2024-09-15 20:00:02
42850,65,1015,0.0,4.12,340,0,19.34,17.81,18.09,800,2024-09-15 21:00:02
42851,68,1015,0.0,4.63,10,0,18.79,16.81,17.42,800,2024-09-15 22:00:02
42852,66,1015,0.0,2.68,355,0,18.79,17.64,17.65,800,2024-09-15 23:00:02
42853,70,1014,0.0,5.14,10,0,17.68,15.81,16.73,800,2024-09-16 01:00:02
42854,70,1014,0.0,4.12,10,0,17.68,15.81,16.52,800,2024-09-16 02:00:02
42855,65,1014,0.0,2.68,305,0,18.23,16.55,16.8,800,2024-09-16 03:00:02
42856,62,1014,0.0,1.79,322,0,17.08,15.99,15.99,800,2024-09-16 04:00:02
42857,59,1013,0.0,2.68,351,0,16.55,16.53,16.55,800,2024-09-16 05:00:02
42858,64,1013,0.0,1.34,322,0,18.79,17.08,17.4,800,2024-09-16 06:00:02
42859,60,1012,0.0,1.79,5,5,19.86,19.32,19.57,800,2024-09-16 07:00:03
42860,57,1012,0.0,2.24,324,0,21.53,19.81,20.83,800,2024-09-16 08:00:03
42861,54,1012,0.0,4.12,330,0,22.66,21.81,22.23,800,2024-09-16 09:00:02
42862,48,1011,0.0,3.6,330,20,23.81,23.19,23.59,801,2024-09-16 10:00:02
42863,44,1011,0.0,4.63,320,40,24.81,23.75,24.06,802,2024-09-16 11:00:02
42864,42,1010,0.0,5.14,310,40,24.81,23.77,24.24,802,2024-09-16 12:00:02
42865,42,1009,0.0,4.12,320,40,25.46,24.3,24.46,802,2024-09-16 13:00:03
42866,48,1009,0.0,5.66,320,40,24.9,23.19,23.38,802,2024-09-16 14:00:02
42867,46,1009,0.0,6.17,320,40,23.21,22.81,23.21,802,2024-09-16 15:00:02
42868,49,1008,0.0,5.66,310,40,22.1,21.81,22.1,802,2024-09-16 16:00:02
42869,52,1009,0.0,5.14,300,20,21.81,20.97,21.46,801,2024-09-16 17:00:02
42870,54,1009,0.0,4.63,310,0,20.99,20.42,20.9,800,2024-09-16 18:00:02
42871,58,1010,0.0,4.12,310,0,19.88,19.81,19.88,800,2024-09-16 19:00:02
42872,59,1010,0.0,4.12,320,0,19.32,18.81,19.32,800,2024-09-16 20:00:02
42873,61,1010,0.0,3.09,10,0,19.32,17.81,19.23,800,2024-09-16 21:00:02
42874,67,1010,0.0,3.6,350,0,19.9,17.81,18.31,800,2024-09-16 22:00:02
42875,70,1010,0.0,2.57,10,0,19.34,16.81,17.63,800,2024-09-16 23:00:02
42876,73,1010,0.0,2.57,360,0,18.79,15.81,16.95,800,2024-09-17 00:00:02
42877,75,1009,0.0,3.09,320,0,18.23,15.81,16.95,800,2024-09-17 01:00:02
42878,78,1009,0.0,3.09,330,20,17.12,14.81,15.87,801,2024-09-17 02:00:02
42879,79,1009,0.0,3.6,330,20,16.57,14.81,15.47,801,2024-09-17 03:00:02
42880,79,1009,0.0,3.6,330,20,15.99,14.81,15.47,801,2024-09-17 04:00:02
42881,80,1009,0.0,3.6,330,20,15.44,14.81,15.26,801,2024-09-17 05:00:02
42882,72,1009,0.0,3.09,350,0,15.99,13.81,15.82,800,2024-09-17 06:00:03
42883,68,1010,0.0,3.13,313,0,17.66,14.81,17.57,800,2024-09-17 07:00:03
42884,57,1010,0.0,2.68,312,2,19.86,19.32,19.32,800,2024-09-17 08:00:02
42885,62,1010,0.0,4.12,320,0,22.1,19.81,20.9,800,2024-09-17 09:00:02
42886,49,1010,0.0,3.6,320,20,24.34,23.77,23.96,801,2024-09-17 10:00:03
42887,42,1010,0.0,2.57,300,20,25.42,23.79,25.04,801,2024-09-17 11:00:02
42888,41,1009,0.0,3.13,171,20,26.55,24.9,25.97,801,2024-09-17 12:00:02
42889,55,1010,0.0,4.92,219,84,24.3,23.23,24.02,803,2024-09-17 13:00:02
42890,56,1009,0.0,7.2,200,75,23.81,23.19,23.21,803,2024-09-17 14:00:02
42891,63,1009,0.0,6.69,190,75,23.98,22.08,22.25,803,2024-09-17 15:00:02
42892,75,1010,3.16,4.63,220,75,19.88,18.75,19.49,501,2024-09-17 16:00:02
42893,77,1011,0.0,4.63,160,75,18.81,17.68,18.47,803,2024-09-17 17:00:02
42894,75,1011,0.0,6.69,100,75,18.77,17.68,18.49,803,2024-09-17 18:00:02
42895,66,1012,0.0,4.63,120,40,19.32,18.75,19.23,802,2024-09-17 19:00:02
42896,67,1012,0.0,4.12,110,40,19.32,18.75,19.23,802,2024-09-17 20:00:02
42897,72,1012,0.0,3.6,140,40,19.32,17.68,19.17,802,2024-09-17 21:00:02
42898,73,1012,0.0,1.34,335,40,19.32,17.68,18.81,802,2024-09-17 22:00:02
42899,80,1012,0.0,2.06,360,20,18.77,16.81,18.03,801,2024-09-17 23:00:02
42900,79,1012,0.0,2.06,10,0,18.21,16.81,17.63,800,2024-09-18 00:00:01
42901,78,1012,0.0,1.54,350,0,18.21,16.81,17.63,800,2024-09-18 01:00:02
42902,78,1012,0.0,1.54,340,0,18.21,16.81,17.63,800,2024-09-18 02:00:02
42903,79,1012,0.0,1.54,330,40,18.21,16.57,17.63,802,2024-09-18 03:00:02
42904,82,1012,0.0,2.06,350,0,17.66,15.81,16.95,800,2024-09-18 04:00:03
42905,80,1012,0.0,2.06,360,0,17.1,15.46,16.73,800,2024-09-18 05:00:02
42906,82,1013,0.0,2.06,340,0,17.1,15.46,16.73,800,2024-09-18 06:00:03
42907,61,1013,0.0,0.89,355,96,19.88,18.75,19.88,804,2024-09-18 07:00:03
42908,56,1014,0.0,0.45,76,91,22.08,21.55,21.55,804,2024-09-18 08:00:02
42909,61,1014,0.0,1.54,270,20,23.21,20.81,22.53,801,2024-09-18 09:00:02
42910,62,1014,0.0,1.54,140,20,23.21,22.64,22.91,801,2024-09-18 10:00:02
42911,63,1014,0.0,3.6,180,20,23.23,22.64,22.7,801,2024-09-18 11:00:02
42912,59,1013,0.1,4.12,180,40,24.32,23.19,23.81,211,2024-09-18 12:00:03
42913,88,1012,0.0,12.86,40,75,22.12,16.81,16.81,502,2024-09-18 13:00:02
42914,73,1012,0.2,3.6,100,40,19.81,19.81,19.81,802,2024-09-18 14:00:05
42915,59,1012,0.1,3.6,110,40,23.21,21.81,22.81,802,2024-09-18 15:00:02
42916,63,1012,0.0,3.09,180,20,23.21,21.81,22.81,801,2024-09-18 16:00:02
42917,63,1013,0.0,2.06,160,20,22.81,22.12,22.7,801,2024-09-18 17:00:02
42918,67,1013,0.0,1.03,0,20,22.12,21.53,21.83,801,2024-09-18 18:00:03
42919,63,1014,0.0,5.14,20,20,20.99,20.42,20.76,801,2024-09-18 19:00:02
42920,68,1014,0.0,4.12,20,0,19.88,19.34,19.86,800,2024-09-18 20:00:02
42921,68,1014,0.0,3.09,10,0,19.32,17.68,18.99,800,2024-09-18 21:00:02
42922,73,1014,0.0,2.06,360,0,18.77,16.81,18.03,800,2024-09-18 22:00:02
42923,74,1014,0.0,1.34,302,0,18.21,16.01,17.63,800,2024-09-18 23:00:03
42924,77,1014,0.0,1.34,341,0,17.66,15.46,16.95,800,2024-09-19 00:00:02
42925,80,1014,0.0,3.09,10,0,17.1,14.34,16.45,800,2024-09-19 01:00:02
42926,78,1013,0.0,2.06,360,0,17.1,14.34,16.27,800,2024-09-19 02:00:03
42927,78,1013,0.0,1.54,280,0,17.1,14.81,16.27,800,2024-09-19 03:00:02
42928,81,1013,0.0,2.57,340,0,17.1,13.81,15.8,800,2024-09-19 04:00:02
42929,81,1013,0.0,3.6,340,0,17.1,13.81,15.8,800,2024-09-19 05:00:02
42930,74,1013,0.0,1.79,315,0,17.1,15.46,16.84,800,2024-09-19 06:00:02
42931,71,1014,0.0,1.34,355,0,18.77,16.57,18.51,800,2024-09-19 07:00:02
42932,64,1014,0.0,2.68,284,0,20.42,19.34,20.13,800,2024-09-19 08:00:02
42933,62,1014,0.0,3.6,10,0,22.08,20.46,21.52,800,2024-09-19 09:00:03
42934,55,1013,0.0,3.6,350,0,22.81,22.12,22.7,800,2024-09-19 10:00:02
42935,51,1013,0.0,3.6,20,0,24.34,23.75,23.99,800,2024-09-19 11:00:17
42936,58,1013,0.0,4.92,234,0,23.23,22.64,22.95,800,2024-09-19 12:00:04
42937,58,1012,0.0,6.17,200,40,23.81,23.75,23.77,802,2024-09-19 13:00:04
42938,62,1012,0.0,5.14,200,40,23.81,22.68,23.78,802,2024-09-19 14:00:03
42939,61,1012,0.0,4.12,200,40,24.81,22.68,23.88,802,2024-09-19 15:00:03
42940,62,1012,0.0,3.6,200,40,23.81,22.68,23.59,802,2024-09-19 16:00:03
42941,64,1012,0.0,3.6,140,40,23.21,21.57,22.91,802,2024-09-19 17:00:02
42942,62,1013,0.0,5.14,110,40,22.81,21.57,22.52,802,2024-09-19 18:00:02
42943,65,1014,0.0,4.12,110,40,22.1,21.01,21.83,802,2024-09-19 19:00:03
42944,65,1014,0.0,3.09,90,40,21.81,19.9,21.44,802,2024-09-19 20:00:02
42945,65,1015,0.0,2.06,50,20,20.99,19.34,20.76,801,2024-09-19 21:00:02
42946,69,1015,0.0,2.57,350,20,20.44,18.79,19.97,801,2024-09-19 22:00:03
42947,70,1015,0.0,2.57,360,20,20.44,17.68,19.69,801,2024-09-19 23:00:02
42948,66,1015,0.0,2.06,320,20,19.88,17.81,19.79,801,2024-09-20 00:00:02
42949,76,1015,0.0,2.57,340,20,19.32,16.81,18.42,801,2024-09-20 01:00:02
42950,72,1014,0.0,0.89,300,74,18.77,17.12,18.51,803,2024-09-20 02:00:03
42951,78,1014,0.0,2.57,360,20,18.77,15.81,17.56,801,2024-09-20 03:00:02
42952,80,1015,0.0,2.06,350,20,18.21,14.81,17.06,801,2024-09-20 04:00:03
42953,80,1015,0.0,2.06,350,0,18.21,14.81,17.06,800,2024-09-20 05:00:03
42954,71,1015,0.0,2.57,360,40,18.21,14.81,18.04,802,2024-09-20 06:00:04
42955,62,1016,0.0,0.89,289,99,19.32,18.19,19.32,804,2024-09-20 07:00:02
42956,56,1016,0.0,0.89,301,99,21.55,20.97,21.55,804,2024-09-20 08:00:02
42957,60,1017,0.0,1.34,289,100,23.21,21.01,22.95,804,2024-09-20 09:00:02
42958,60,1017,0.0,1.54,220,40,23.81,23.21,23.56,802,2024-09-20 10:00:01
42959,61,1017,0.0,3.6,180,40,24.81,23.19,24.09,802,2024-09-20 11:00:02
42960,60,1017,0.0,4.63,190,20,24.88,23.75,24.49,801,2024-09-20 12:00:03
42961,60,1017,0.0,5.14,190,40,25.44,23.75,24.71,802,2024-09-20 13:00:01
42962,60,1016,0.0,4.63,190,40,23.81,23.23,23.78,802,2024-09-20 14:00:02
42963,57,1016,0.0,4.12,180,40,24.88,23.23,24.49,802,2024-09-20 15:00:02
42964,61,1016,0.0,5.14,170,40,23.81,22.68,23.59,802,2024-09-20 16:00:02
42965,63,1017,0.0,4.63,170,20,23.21,22.64,22.91,801,2024-09-20 17:00:02
42966,66,1017,0.0,4.12,160,40,22.12,21.81,22.01,802,2024-09-20 18:00:02
42967,70,1018,0.0,2.57,170,20,22.1,21.01,22.01,801,2024-09-20 19:00:02
42968,67,1018,0.0,2.57,170,0,21.55,20.81,21.55,800,2024-09-20 20:00:02
42969,68,1018,0.0,2.06,170,0,21.55,20.81,21.46,800,2024-09-20 21:00:02
42970,68,1018,0.0,1.54,170,40,20.99,20.42,20.9,802,2024-09-20 22:00:02
42971,69,1019,0.0,1.03,0,20,20.44,19.81,20.44,801,2024-09-20 23:00:02
42972,70,1019,0.0,0.51,0,20,20.42,19.81,19.97,801,2024-09-21 00:00:02
42973,75,1018,0.0,1.03,360,20,19.88,17.68,19.57,801,2024-09-21 01:00:02
42974,78,1018,0.0,1.54,330,20,19.32,17.12,18.89,801,2024-09-21 02:00:02
42975,77,1018,0.0,1.54,350,20,19.86,16.57,18.79,801,2024-09-21 03:00:03
42976,76,1018,0.0,1.54,360,20,19.86,16.57,18.79,801,2024-09-21 04:00:02
42977,80,1018,0.0,3.09,350,0,19.3,15.81,18.11,800,2024-09-21 05:00:02
42978,79,1018,0.0,2.06,330,20,20.42,15.81,18.69,801,2024-09-21 06:00:02
42979,74,1018,0.0,1.54,360,20,22.1,16.81,20.6,801,2024-09-21 07:00:02
42980,58,1019,0.0,1.34,159,100,23.77,23.19,23.77,804,2024-09-21 08:00:02
42981,63,1019,0.0,4.63,160,20,24.32,23.23,23.99,801,2024-09-21 09:00:02
42982,60,1019,0.0,4.63,170,20,24.88,24.81,24.88,801,2024-09-21 10:00:02
42983,57,1019,0.0,5.66,180,20,25.99,24.81,25.82,801,2024-09-21 11:00:02
42984,61,1018,0.0,5.66,180,20,25.81,24.3,24.96,801,2024-09-21 12:00:02
42985,61,1017,0.0,6.17,180,20,25.81,24.34,25.14,801,2024-09-21 13:00:02
42986,62,1017,0.0,7.72,180,20,25.46,24.3,24.67,801,2024-09-21 14:00:02
42987,64,1017,0.0,7.2,180,20,24.9,23.81,24.17,801,2024-09-21 15:00:02
42988,64,1017,0.0,5.66,180,0,24.34,23.75,23.99,800,2024-09-21 16:00:02
42989,65,1017,0.0,6.17,180,0,23.77,22.81,23.49,800,2024-09-21 17:00:02
42990,64,1017,0.0,5.14,180,0,23.21,22.68,23.09,800,2024-09-21 18:00:03
42991,64,1018,0.0,3.6,170,0,23.21,22.12,23.09,800,2024-09-21 19:00:05
42992,61,1018,0.0,2.06,160,0,22.81,22.64,22.66,800,2024-09-21 20:00:02
42993,67,1018,0.1,1.03,0,0,23.02,21.81,22.4,800,2024-09-21 21:00:02
42994,63,1018,0.0,2.57,90,0,22.66,21.81,22.66,800,2024-09-21 22:00:02
42995,66,1018,0.0,1.54,150,20,22.81,21.98,22.69,801,2024-09-21 23:00:02
42996,63,1017,0.0,2.06,200,20,23.21,22.64,23.12,801,2024-09-22 00:00:03
42997,67,1017,0.0,3.09,120,20,22.81,22.08,22.1,801,2024-09-22 01:00:02
42998,70,1017,0.0,3.09,150,20,22.81,20.46,22.12,801,2024-09-22 02:00:02
42999,85,1017,0.18,2.06,330,20,20.97,19.98,20.75,500,2024-09-22 03:00:02
43000,78,1016,0.0,2.06,40,20,20.81,19.86,20.36,801,2024-09-22 04:00:03
43001,81,1016,0.0,2.06,60,20,20.44,18.79,20.07,801,2024-09-22 05:00:02
43002,82,1016,0.0,2.06,300,20,20.44,18.79,20.26,801,2024-09-22 06:00:02
43003,69,1016,0.0,1.34,109,40,20.99,20.81,20.99,802,2024-09-22 07:00:02
43004,67,1017,0.0,2.24,67,40,21.55,20.81,21.55,802,2024-09-22 08:00:02
43005,59,1016,0.0,1.79,113,40,24.32,22.81,24.23,802,2024-09-22 09:00:03
43006,58,1016,0.0,3.6,140,20,25.44,24.3,25.26,801,2024-09-22 10:00:02
43007,61,1016,0.0,4.12,210,0,24.88,24.81,24.88,800,2024-09-22 11:00:04
43008,55,1015,0.0,3.6,210,20,26.55,25.81,26.55,801,2024-09-22 12:00:02
43009,57,1014,0.0,4.63,220,20,27.1,25.42,26.84,801,2024-09-22 13:00:02
43010,70,1014,0.0,2.68,185,62,24.86,23.23,24.86,803,2024-09-22 14:00:02
43011,63,1014,0.0,5.14,190,40,25.99,24.81,25.65,802,2024-09-22 15:00:01
43012,60,1013,0.0,4.12,180,40,25.44,24.81,25.35,802,2024-09-22 16:00:02
43013,71,1014,0.0,5.66,180,20,23.81,23.23,23.78,801,2024-09-22 17:00:06
43014,74,1014,0.0,3.09,170,20,23.21,22.68,23.09,801,2024-09-22 18:00:02
43015,76,1015,0.0,2.57,190,0,23.98,22.81,23.16,800,2024-09-22 19:00:02
43016,72,1015,0.0,3.09,200,0,23.19,22.66,22.75,800,2024-09-22 20:00:02
43017,73,1015,0.0,3.09,200,0,22.66,21.81,22.66,800,2024-09-22 21:00:02
43018,74,1014,0.0,2.57,180,0,22.66,21.81,22.57,800,2024-09-22 22:00:03
43019,74,1014,0.0,3.09,200,20,22.1,21.53,22.01,801,2024-09-22 23:00:01
43020,74,1014,0.0,2.57,200,0,22.1,21.53,22.01,800,2024-09-23 00:00:03
43021,77,1014,0.0,1.54,190,20,21.81,20.97,21.46,801,2024-09-23 01:00:01
43022,77,1013,0.0,2.06,200,20,21.81,20.97,21.46,801,2024-09-23 02:00:02
43023,84,1013,0.1,2.57,330,20,21.55,19.81,21.17,801,2024-09-23 03:00:03
43024,77,1013,1.41,1.54,360,40,21.55,20.81,21.55,501,2024-09-23 04:00:03
43025,83,1012,4.21,2.06,280,40,21.55,20.81,21.21,200,2024-09-23 05:00:03
43026,88,1012,2.0,1.03,0,40,20.97,18.79,20.44,501,2024-09-23 06:00:01
43027,83,1012,0.0,3.09,10,40,20.99,19.34,20.65,802,2024-09-23 07:00:02
43028,71,1013,0.0,2.06,360,40,22.08,20.81,21.64,802,2024-09-23 08:00:02
43029,73,1013,0.0,2.68,303,40,23.21,21.57,22.81,802,2024-09-23 09:00:02
43030,69,1014,0.0,2.57,340,40,24.32,23.79,24.17,802,2024-09-23 10:00:05
43031,65,1013,0.0,2.68,160,40,25.44,24.3,24.89,802,2024-09-23 11:00:03
43032,67,1012,0.0,3.09,190,40,26.01,24.3,25.11,802,2024-09-23 12:00:05
43033,68,1011,0.0,3.6,170,40,25.81,25.42,25.44,802,2024-09-23 13:00:02
43034,66,1011,0.0,3.6,190,40,26.81,25.42,25.9,802,2024-09-23 14:00:02
43035,63,1011,0.0,3.58,327,40,27.66,25.97,26.87,802,2024-09-23 15:00:03
43036,50,1012,0.0,5.66,330,40,27.81,27.08,27.3,802,2024-09-23 16:00:02
43037,56,1012,0.0,5.66,310,40,26.57,25.42,25.76,802,2024-09-23 17:00:02
43038,64,1013,0.0,4.63,330,20,24.9,23.75,23.99,801,2024-09-23 18:00:03
43039,67,1014,0.0,4.12,350,0,23.79,22.81,23.09,800,2024-09-23 19:00:02
43040,69,1014,0.0,4.63,350,40,22.81,22.08,22.57,802,2024-09-23 20:00:03
43041,73,1015,0.0,4.12,10,20,22.1,20.81,22.01,801,2024-09-23 21:00:02
43042,79,1015,0.0,4.63,20,0,22.12,20.81,21.15,800,2024-09-23 22:00:04
43043,80,1015,0.0,3.6,360,0,21.57,19.81,20.47,800,2024-09-23 23:00:02
43044,79,1015,0.0,3.6,360,0,20.46,19.81,20.07,800,2024-09-24 00:00:05
43045,82,1015,0.0,3.09,10,0,20.46,18.81,19.54,800,2024-09-24 01:00:01
43046,85,1015,0.0,3.09,360,0,19.32,17.81,18.71,800,2024-09-24 02:00:02
43047,84,1014,0.0,3.6,10,0,19.32,17.68,18.71,800,2024-09-24 03:00:02
43048,76,1014,0.0,2.57,10,0,18.77,17.81,18.77,800,2024-09-24 04:00:02
43049,83,1014,0.0,2.57,10,0,18.77,16.57,18.21,800,2024-09-24 05:00:02
43050,82,1015,0.0,1.79,11,0,19.32,16.81,18.6,800,2024-09-24 06:00:02
43051,69,1015,0.0,2.68,34,0,20.97,18.81,20.53,800,2024-09-24 07:00:02
43052,65,1015,0.0,2.57,30,0,22.1,20.81,22.1,800,2024-09-24 08:00:03
43053,67,1015,0.0,1.03,0,0,23.75,21.81,23.75,800,2024-09-24 09:00:02
43054,61,1015,0.0,1.54,0,0,25.42,23.81,24.68,800,2024-09-24 10:00:03
43055,55,1015,0.0,3.6,210,0,24.81,24.3,24.32,800,2024-09-24 11:00:03
43056,63,1015,0.0,3.6,190,20,24.81,23.75,24.23,801,2024-09-24 12:00:03
43057,64,1014,0.0,4.63,170,40,25.99,24.86,25.82,802,2024-09-24 13:00:03
43058,62,1014,0.0,5.14,150,40,25.99,24.81,25.9,802,2024-09-24 14:00:09
43059,62,1013,0.0,4.02,188,20,27.12,25.42,25.82,801,2024-09-24 15:00:02
43060,59,1013,0.0,3.09,30,20,26.81,25.97,26.22,801,2024-09-24 16:00:02
43061,56,1014,0.0,3.6,300,20,25.99,25.42,25.76,801,2024-09-24 17:00:02
43062,61,1015,0.0,4.12,330,20,24.88,24.3,24.67,801,2024-09-24 18:00:02
43063,69,1015,0.0,2.57,330,20,24.32,23.23,23.99,801,2024-09-24 19:00:02
43064,70,1015,0.0,3.6,40,52,23.77,21.57,23.31,803,2024-09-24 20:00:02
43065,68,1016,0.0,2.57,320,75,23.21,22.08,23.04,803,2024-09-24 21:00:03
43066,76,1016,0.0,1.54,320,51,22.66,19.9,21.95,803,2024-09-24 22:00:03
43067,72,1016,0.0,1.34,46,40,21.55,20.81,21.55,802,2024-09-24 23:00:01
43068,79,1016,0.0,1.54,70,75,21.55,19.34,21.05,803,2024-09-25 00:00:03
43069,73,1015,0.0,2.06,70,100,21.55,20.81,21.46,804,2024-09-25 01:00:02
43070,73,1015,0.0,0.51,0,75,21.55,20.81,21.46,803,2024-09-25 02:00:02
43071,79,1015,0.0,1.03,350,75,20.99,18.79,20.42,803,2024-09-25 03:00:02
43072,81,1015,0.0,2.57,340,75,20.99,18.79,20.37,803,2024-09-25 04:00:02
43073,81,1015,0.0,1.54,330,75,20.99,18.79,20.07,803,2024-09-25 05:00:01
43074,78,1015,0.0,0.89,321,100,20.99,20.42,20.73,804,2024-09-25 06:00:02
43075,74,1016,0.0,0.45,17,100,21.55,20.46,21.54,804,2024-09-25 07:00:02
43076,69,1016,0.0,2.68,347,100,23.19,22.66,22.91,804,2024-09-25 08:00:02
43077,62,1016,0.0,3.6,10,20,25.42,23.79,24.76,801,2024-09-25 09:00:03
43078,56,1017,0.0,3.09,310,0,27.12,24.81,25.83,800,2024-09-25 10:00:02
43079,42,1016,0.0,2.57,310,0,28.79,26.81,27.63,800,2024-09-25 11:00:04
43080,55,1016,0.0,3.58,190,0,28.23,25.42,26.32,800,2024-09-25 12:00:03
43081,68,1016,0.0,5.66,190,20,27.12,25.42,25.76,801,2024-09-25 13:00:02
43082,71,1015,0.0,4.12,140,20,27.12,25.42,25.76,801,2024-09-25 14:00:02
43083,46,1015,0.0,5.66,300,20,29.34,27.64,28.41,801,2024-09-25 15:00:02
43084,42,1015,0.0,7.2,290,20,28.79,27.81,28.09,801,2024-09-25 16:00:02
43085,43,1016,0.0,5.14,290,0,28.21,26.53,27.95,800,2024-09-25 17:00:04
43086,57,1016,0.0,6.17,290,0,24.88,24.81,24.88,800,2024-09-25 18:00:02
43087,62,1017,0.0,2.06,320,0,24.32,23.81,24.32,800,2024-09-25 19:00:02
43088,64,1017,0.0,2.57,350,0,23.77,22.81,23.77,800,2024-09-25 20:00:03
43089,73,1017,0.0,2.06,330,0,23.23,21.81,22.81,800,2024-09-25 21:00:02
43090,73,1017,0.0,1.54,310,0,22.68,21.81,22.42,800,2024-09-25 22:00:02
43091,74,1017,0.0,0.51,0,0,22.1,20.81,21.55,800,2024-09-25 23:00:02
43092,77,1017,0.0,1.54,50,0,21.55,20.46,21.34,800,2024-09-26 00:00:04
43093,78,1016,0.0,1.54,80,0,20.99,19.34,20.65,800,2024-09-26 01:00:02
43094,82,1016,0.0,2.57,80,0,20.44,18.79,19.97,800,2024-09-26 02:00:02
43095,82,1016,0.0,1.54,350,0,20.44,17.81,19.51,800,2024-09-26 03:00:02
43096,83,1015,0.0,2.06,50,0,20.44,17.68,19.51,800,2024-09-26 04:00:02
43097,83,1015,0.0,1.03,0,0,19.88,17.12,19.29,800,2024-09-26 05:00:02
43098,83,1016,0.0,1.03,20,47,19.88,17.12,19.29,802,2024-09-26 06:00:03
43099,69,1016,0.0,1.54,70,0,22.64,19.81,21.72,800,2024-09-26 07:00:06
43100,66,1016,0.0,1.54,130,0,24.32,22.81,24.32,800,2024-09-26 08:00:05
43101,69,1016,0.0,2.06,140,0,25.44,23.81,24.79,800,2024-09-26 09:00:03
43102,68,1016,0.0,2.06,160,0,27.12,25.42,25.54,800,2024-09-26 10:00:03
43103,64,1016,0.0,4.12,160,0,26.55,25.42,26.38,800,2024-09-26 11:00:06
43104,66,1015,0.0,5.14,150,0,26.81,25.97,26.46,800,2024-09-26 12:00:02
43105,65,1015,0.0,6.17,150,20,26.55,25.81,26.46,801,2024-09-26 13:00:03
43106,65,1014,0.0,6.69,150,20,26.81,25.97,26.46,801,2024-09-26 14:00:04
43107,65,1014,0.0,5.66,180,20,27.1,25.97,26.93,801,2024-09-26 15:00:17
43108,67,1014,0.0,5.66,130,20,26.81,25.42,25.9,801,2024-09-26 16:00:03
43109,71,1014,0.0,5.66,150,0,24.88,24.81,24.88,800,2024-09-26 17:00:04
43110,75,1014,0.0,4.63,140,20,24.32,23.81,24.32,801,2024-09-26 18:00:02
43111,76,1014,0.0,4.63,120,20,23.81,23.75,23.77,801,2024-09-26 19:00:02
43112,82,1014,0.0,4.12,120,20,24.34,23.19,23.59,801,2024-09-26 20:00:02
43113,84,1014,0.0,4.12,130,0,23.21,22.68,23.09,800,2024-09-26 21:00:03
43114,83,1014,0.0,3.09,120,0,23.21,21.57,23.09,800,2024-09-26 22:00:02
43115,80,1014,0.0,3.09,100,0,23.21,21.81,23.12,800,2024-09-26 23:00:02
43116,85,1014,0.0,2.06,70,0,22.66,20.46,21.95,800,2024-09-27 00:00:01
43117,85,1013,0.0,1.54,80,0,22.1,19.9,21.55,800,2024-09-27 01:00:03
43118,79,1013,0.0,2.06,80,0,21.55,20.81,21.46,800,2024-09-27 02:00:02
43119,78,1012,0.0,1.03,50,0,21.55,20.81,21.46,800,2024-09-27 03:00:02
43120,80,1012,0.0,0.51,0,0,21.53,19.81,20.83,800,2024-09-27 04:00:02
43121,72,1012,0.0,1.05,356,10,21.55,20.46,21.25,800,2024-09-27 05:00:02
43122,77,1013,0.0,1.54,10,0,22.1,18.81,20.98,800,2024-09-27 06:00:02
43123,60,1013,0.0,1.34,360,22,23.77,23.75,23.77,801,2024-09-27 07:00:03
43124,64,1013,0.0,1.34,277,33,25.44,24.9,25.43,802,2024-09-27 08:00:03
43125,58,1013,0.0,1.54,330,0,27.68,25.81,26.73,800,2024-09-27 09:00:02
43126,56,1013,0.0,1.79,181,0,28.79,27.64,28.13,800,2024-09-27 10:00:02
43127,50,1012,0.0,2.57,150,0,29.9,28.77,28.79,800,2024-09-27 11:00:03
43128,48,1012,0.0,3.09,190,0,29.81,28.77,28.77,800,2024-09-27 12:00:03
43129,51,1011,0.0,2.57,160,0,30.81,29.32,29.32,800,2024-09-27 13:00:03
43130,57,1011,0.0,2.57,160,0,30.81,27.64,29.06,800,2024-09-27 14:00:03
43131,44,1011,0.0,3.09,310,0,31.81,30.44,30.44,800,2024-09-27 15:00:04
43132,48,1011,0.0,6.69,300,0,30.42,29.81,29.97,800,2024-09-27 16:00:02
43133,56,1011,0.0,6.69,300,0,27.81,27.64,27.66,800,2024-09-27 17:00:02
43134,62,1012,0.0,5.66,310,0,25.99,25.81,25.99,800,2024-09-27 18:00:03
43135,64,1012,0.0,5.14,340,0,25.44,24.81,25.44,800,2024-09-27 19:00:04
43136,72,1013,0.0,4.12,340,0,26.01,23.81,24.57,800,2024-09-27 20:00:02
43137,74,1013,0.0,3.6,330,0,25.46,23.81,24.17,800,2024-09-27 21:00:03
43138,77,1013,0.0,3.6,340,0,24.9,22.81,23.71,800,2024-09-27 22:00:03
43139,78,1013,0.0,3.6,340,0,24.9,22.81,23.31,800,2024-09-27 23:00:02
43140,80,1013,0.0,3.6,320,0,24.34,22.64,23.13,800,2024-09-28 00:00:03
43141,79,1013,0.0,3.09,340,0,23.79,22.64,22.91,800,2024-09-28 01:00:02
43142,74,1013,0.0,5.66,10,20,23.23,21.53,21.83,801,2024-09-28 03:00:02
43143,71,1014,0.42,5.66,10,20,23.23,21.53,21.83,500,2024-09-28 04:00:02
43144,68,1014,0.0,3.6,350,40,21.55,20.81,21.46,802,2024-09-28 05:00:02
43145,70,1015,0.0,5.14,350,75,22.68,20.42,20.97,803,2024-09-28 06:00:02
43146,65,1016,0.0,7.2,360,75,20.99,20.81,20.99,803,2024-09-28 07:00:03
43147,62,1017,0.0,6.17,350,20,21.55,20.81,21.46,801,2024-09-28 08:00:05
43148,53,1017,0.0,7.72,360,0,23.23,22.66,22.88,800,2024-09-28 09:00:02
43149,46,1017,0.0,8.75,360,0,24.9,23.75,23.78,800,2024-09-28 10:00:02
43150,42,1017,0.0,8.75,360,0,25.46,24.3,24.46,800,2024-09-28 11:00:02
43151,39,1017,0.0,10.29,360,0,26.01,24.3,24.46,800,2024-09-28 12:00:06
43152,38,1017,0.0,9.77,360,0,26.01,23.98,24.41,800,2024-09-28 13:00:03
43153,35,1018,0.0,10.8,350,0,25.46,24.3,24.46,800,2024-09-28 14:00:02
43154,34,1018,0.0,10.8,360,0,23.81,23.21,23.3,800,2024-09-28 15:00:01
43155,41,1018,0.0,9.26,10,0,24.34,22.64,22.98,800,2024-09-28 16:00:02
43156,43,1019,0.0,8.23,350,0,22.1,20.97,21.93,800,2024-09-28 17:00:03
43157,53,1020,0.0,7.72,350,0,21.57,19.3,19.89,800,2024-09-28 18:00:02
43158,59,1020,0.0,8.23,350,0,19.9,18.75,18.99,800,2024-09-28 19:00:02
43159,61,1021,0.0,5.66,340,0,18.81,18.19,18.59,800,2024-09-28 20:00:02
43160,62,1021,0.0,5.66,350,0,18.79,17.64,17.91,800,2024-09-28 21:00:05
43161,64,1022,0.0,5.66,360,0,18.23,16.81,17.63,800,2024-09-28 22:00:02
43162,65,1022,0.0,4.63,340,0,18.23,16.81,17.63,800,2024-09-28 23:00:05
43163,67,1022,0.0,4.63,330,10,18.23,16.81,17.45,800,2024-09-29 00:00:02
43164,67,1021,0.0,4.12,320,98,18.23,16.53,17.05,804,2024-09-29 01:00:01
43165,66,1021,0.0,4.63,350,99,18.23,16.53,16.83,804,2024-09-29 02:00:02
43166,69,1021,0.0,5.66,350,15,18.23,15.81,16.55,801,2024-09-29 03:00:02
43167,71,1021,0.0,3.09,10,12,17.68,15.81,16.55,801,2024-09-29 04:00:02
43168,72,1022,0.0,3.6,340,10,17.12,15.81,16.15,800,2024-09-29 05:00:02
43169,73,1023,0.0,2.57,10,0,16.57,14.81,15.87,800,2024-09-29 06:00:02
43170,64,1023,0.0,2.24,292,0,17.68,17.64,17.65,800,2024-09-29 07:00:02
43171,60,1024,0.0,3.58,349,0,19.9,17.81,18.86,800,2024-09-29 08:00:02
43172,49,1024,0.0,6.17,360,0,21.57,20.81,21.12,800,2024-09-29 09:00:03
43173,43,1024,0.0,6.69,350,0,23.23,22.1,22.48,800,2024-09-29 10:00:03
43174,38,1023,0.0,6.17,340,0,23.21,22.81,23.21,800,2024-09-29 11:00:02
43175,37,1023,0.0,5.14,340,0,25.46,23.75,24.06,800,2024-09-29 12:00:02
43176,34,1022,0.0,6.69,350,0,24.9,24.3,24.46,800,2024-09-29 13:00:02
43177,36,1022,0.0,7.72,10,0,24.9,24.3,24.46,800,2024-09-29 14:00:03
43178,39,1021,0.0,7.72,350,0,24.81,23.75,24.06,800,2024-09-29 15:00:02
43179,43,1022,0.0,8.23,360,0,23.81,23.19,23.38,800,2024-09-29 16:00:02
43180,49,1022,0.0,7.72,350,0,23.23,20.97,21.65,800,2024-09-29 17:00:10
43181,55,1023,0.0,6.17,350,0,21.01,19.81,20.07,800,2024-09-29 18:00:02
43182,57,1024,0.0,6.69,360,0,19.34,18.81,19.17,800,2024-09-29 19:00:03
43183,62,1024,0.0,5.14,360,0,18.79,17.81,18.31,800,2024-09-29 20:00:02
43184,63,1024,0.0,3.6,10,0,18.21,16.81,17.63,800,2024-09-29 21:00:03
43185,66,1024,0.0,3.09,360,0,17.66,15.81,16.77,800,2024-09-29 22:00:02
43186,67,1023,0.0,3.09,350,0,17.66,15.81,16.77,800,2024-09-29 23:00:03
43187,65,1023,0.0,2.68,304,2,17.1,15.46,16.59,800,2024-09-30 00:00:02
43188,69,1023,0.0,2.57,350,0,17.1,14.34,16.08,800,2024-09-30 01:00:02
43189,70,1022,0.0,2.57,360,0,16.55,13.79,15.59,800,2024-09-30 02:00:02
43190,70,1022,0.0,2.57,350,0,16.55,12.81,15.3,800,2024-09-30 03:00:02
43191,71,1022,0.0,3.09,320,0,15.44,13.23,14.97,800,2024-09-30 04:00:04
43192,73,1022,0.0,3.09,330,0,14.88,12.68,14.39,800,2024-09-30 05:00:04
43193,66,1022,0.0,3.09,340,0,14.88,12.81,14.79,800,2024-09-30 06:00:02
43194,64,1023,0.0,3.09,330,0,15.99,13.81,15.99,800,2024-09-30 07:00:02
43195,51,1023,0.0,1.79,300,0,18.77,18.75,18.77,800,2024-09-30 08:00:02
43196,50,1022,0.0,2.57,340,0,21.55,19.81,21.55,800,2024-09-30 09:00:02
43197,51,1022,0.0,2.06,320,0,23.23,21.81,22.81,800,2024-09-30 10:00:02
43198,51,1022,0.0,3.6,150,0,23.81,22.64,23.2,800,2024-09-30 11:00:02
43199,49,1021,0.0,3.09,190,0,24.32,23.19,23.81,800,2024-09-30 12:00:02
43200,50,1021,0.0,3.6,190,0,24.81,23.19,23.88,800,2024-09-30 13:00:02
43201,52,1021,0.0,3.09,180,0,24.9,23.19,24.09,800,2024-09-30 14:00:02
43202,55,1020,0.0,4.12,190,0,24.9,23.19,23.59,800,2024-09-30 15:00:02
43203,60,1020,0.0,2.24,189,0,24.34,23.19,23.2,800,2024-09-30 16:00:02
43204,62,1020,0.0,3.6,170,0,23.23,22.08,22.52,800,2024-09-30 17:00:02
43205,66,1020,0.0,3.09,160,0,21.81,21.53,21.62,800,2024-09-30 18:00:03
43206,69,1021,0.0,2.57,160,0,21.98,20.46,21.21,800,2024-09-30 19:00:02
43207,69,1021,0.0,2.06,160,0,20.99,19.34,20.76,800,2024-09-30 20:00:02
43208,71,1020,0.0,2.57,80,0,19.88,18.02,19.55,800,2024-09-30 21:00:02
43209,72,1020,0.0,2.06,100,0,19.88,17.68,19.39,800,2024-09-30 22:00:02
43210,75,1020,0.0,0.51,0,0,19.32,17.12,18.89,800,2024-09-30 23:00:02
43211,77,1019,0.0,1.54,350,0,18.77,16.57,18.21,800,2024-10-01 00:00:03
43212,73,1019,0.0,0.45,67,1,18.21,16.01,18.2,800,2024-10-01 01:00:03
43213,78,1019,0.0,2.57,350,0,18.21,15.46,17.35,800,2024-10-01 02:00:02
43214,77,1018,0.0,2.06,360,0,17.66,14.9,17.13,800,2024-10-01 03:00:02
43215,78,1018,0.0,2.06,340,0,17.66,14.34,16.66,800,2024-10-01 04:00:02
43216,72,1018,0.0,2.06,340,0,17.66,14.81,17.49,800,2024-10-01 05:00:03
43217,66,1018,0.0,0.45,351,3,17.66,16.53,17.66,800,2024-10-01 06:00:02
43218,62,1018,0.0,0.89,291,0,19.32,18.19,19.32,800,2024-10-01 07:00:02
43219,57,1018,0.0,0.45,360,0,22.1,22.08,22.1,800,2024-10-01 08:00:02
43220,59,1018,0.0,0.51,0,0,23.21,20.81,23.21,800,2024-10-01 09:00:02
43221,61,1017,0.0,2.24,94,0,24.34,22.64,23.2,800,2024-10-01 10:00:03
43222,62,1017,0.0,4.12,150,0,23.81,23.19,23.21,800,2024-10-01 11:00:03
43223,61,1016,0.0,4.63,160,0,24.9,23.75,24.06,800,2024-10-01 12:00:03
43224,62,1016,0.0,5.14,150,0,25.46,23.81,24.17,800,2024-10-01 13:00:04
43225,63,1015,0.0,5.66,150,0,26.01,23.75,24.28,800,2024-10-01 14:00:02
43226,72,1015,0.0,5.66,150,0,23.81,23.75,23.75,800,2024-10-01 15:00:04
43227,64,1014,0.0,4.63,170,0,23.81,23.19,23.21,800,2024-10-01 16:00:03
43228,67,1014,0.0,4.63,180,0,22.81,22.08,22.57,800,2024-10-01 17:00:02
43229,74,1014,0.0,3.6,170,20,22.12,21.53,21.83,801,2024-10-01 18:00:04
43230,76,1014,0.0,3.09,180,20,21.57,20.81,21.34,801,2024-10-01 19:00:01
43231,77,1014,0.0,2.57,180,20,21.55,20.46,21.34,801,2024-10-01 20:00:03
43232,72,1014,0.0,2.06,190,20,20.99,20.42,20.9,801,2024-10-01 21:00:03
43233,72,1013,0.0,1.03,200,20,20.81,19.86,20.35,801,2024-10-01 22:00:02
43234,73,1013,0.0,1.54,100,20,19.88,19.3,19.79,801,2024-10-01 23:00:02
43235,82,1013,0.0,2.06,330,20,19.88,16.57,18.93,801,2024-10-02 00:00:03
43236,75,1012,0.0,2.57,340,20,18.77,16.81,18.68,801,2024-10-02 01:00:02
43237,84,1011,0.0,2.57,350,0,18.21,15.46,17.35,800,2024-10-02 02:00:03
43238,83,1011,0.0,2.68,329,20,17.66,14.81,16.66,801,2024-10-02 03:00:02
43239,77,1011,0.0,1.34,290,40,17.66,16.53,17.15,802,2024-10-02 04:00:05
43240,78,1010,0.0,2.24,314,51,17.68,17.64,17.65,803,2024-10-02 05:00:04
43241,83,1011,0.0,2.57,350,0,17.66,15.81,16.95,800,2024-10-02 06:00:02
43242,64,1011,0.0,1.79,355,5,19.32,19.3,19.32,800,2024-10-02 07:00:02
43243,73,1011,0.0,2.68,348,0,20.97,17.98,20.03,800,2024-10-02 08:00:02
43244,63,1011,0.0,4.12,340,0,23.19,21.81,22.27,800,2024-10-02 09:00:04
43245,59,1011,0.0,5.66,360,0,24.9,23.81,24.17,800,2024-10-02 10:00:02
43246,52,1010,0.0,4.12,350,0,27.12,25.44,25.72,800,2024-10-02 11:00:03
43247,48,1009,0.0,4.63,360,0,28.23,27.08,27.3,800,2024-10-02 12:00:02
43248,45,1009,0.0,5.14,350,0,28.81,28.19,28.48,800,2024-10-02 13:00:01
43249,44,1008,0.0,4.63,340,0,29.34,27.1,27.94,800,2024-10-02 14:00:02
43250,40,1008,0.0,4.12,320,0,29.34,27.64,27.98,800,2024-10-02 15:00:02
43251,44,1008,0.0,6.69,360,0,28.23,26.53,26.62,800,2024-10-02 16:00:02
43252,46,1009,0.0,7.2,10,0,25.81,25.42,25.44,800,2024-10-02 17:00:02
43253,52,1009,0.0,4.12,360,0,24.32,23.75,24.23,800,2024-10-02 18:00:10
43254,62,1009,0.0,3.09,340,0,24.34,21.81,22.63,800,2024-10-02 19:00:03
43255,64,1009,0.0,3.09,350,0,22.68,21.81,22.23,800,2024-10-02 20:00:02
43256,65,1009,0.0,0.89,360,65,23.23,21.53,21.84,803,2024-10-02 21:00:02
43257,70,1009,0.0,2.57,350,0,22.12,19.81,20.87,800,2024-10-02 22:00:03
43258,70,1008,0.0,1.34,277,79,21.01,20.42,20.73,803,2024-10-02 23:00:04
43259,71,1008,0.0,1.34,360,78,21.01,20.42,20.43,803,2024-10-03 00:00:06
43260,73,1007,0.0,1.54,50,0,20.42,19.81,20.04,800,2024-10-03 01:00:02
43261,73,1006,0.0,2.06,100,0,19.88,18.79,19.86,800,2024-10-03 02:00:02
43262,66,1006,0.0,1.54,90,0,20.44,19.81,20.35,800,2024-10-03 03:00:03
43263,65,1005,0.0,1.03,0,0,20.42,18.81,19.97,800,2024-10-03 04:00:02
43264,70,1005,0.0,1.03,0,0,21.57,19.81,20.44,800,2024-10-03 05:00:04
43265,69,1004,0.0,1.03,0,0,20.46,19.81,20.18,800,2024-10-03 06:00:03
43266,79,1004,0.0,2.06,100,0,22.66,19.9,22.13,800,2024-10-03 07:00:09
43267,77,1004,0.0,3.13,185,20,22.66,20.81,22.66,801,2024-10-03 08:00:03
43268,77,1004,0.0,4.63,200,20,22.81,22.64,22.66,801,2024-10-03 09:00:02
43269,80,1003,1.2,4.12,190,20,24.9,23.19,23.59,801,2024-10-03 10:00:02
43270,71,1004,2.6,6.69,240,20,25.81,23.75,24.34,500,2024-10-03 11:00:05
43271,66,1002,1.1,6.69,230,20,25.98,24.3,24.64,500,2024-10-03 12:00:10
43272,83,1003,6.3,4.63,330,40,23.79,21.81,22.23,500,2024-10-03 13:00:03
43273,75,1004,0.2,7.2,300,40,22.81,19.86,20.93,802,2024-10-03 14:00:02
43274,66,1004,0.0,11.83,360,40,19.81,19.3,19.32,802,2024-10-03 15:00:04
43275,69,1005,0.0,9.26,340,40,19.9,18.81,19.39,802,2024-10-03 16:00:03
43276,66,1006,0.0,7.2,340,20,19.88,18.81,19.39,801,2024-10-03 17:00:02
43277,65,1007,0.0,6.69,330,20,19.32,18.75,18.99,801,2024-10-03 18:00:04
43278,65,1008,0.0,6.17,330,20,18.81,18.19,18.59,801,2024-10-03 19:00:03
43279,65,1009,0.0,6.17,320,0,18.79,17.81,18.31,800,2024-10-03 20:00:05
43280,65,1009,0.0,5.66,320,0,18.81,18.19,18.59,800,2024-10-03 21:00:02
43281,66,1009,0.0,5.14,330,0,18.79,17.81,18.09,800,2024-10-03 22:00:02
43282,65,1010,0.0,4.12,310,0,18.79,17.64,17.91,800,2024-10-03 23:00:02
43283,66,1010,0.0,2.57,330,0,18.79,17.08,17.73,800,2024-10-04 00:00:02
43284,65,1010,0.0,3.6,320,0,18.79,17.08,17.73,800,2024-10-04 01:00:03
43285,66,1010,0.0,3.09,310,20,18.79,16.53,17.55,801,2024-10-04 02:00:09
43286,69,1010,0.0,1.54,350,0,18.23,15.81,16.59,800,2024-10-04 03:00:03
43287,67,1010,0.0,0.89,322,1,18.21,15.42,16.94,800,2024-10-04 04:00:02
43288,72,1011,0.0,3.09,340,0,17.1,14.81,16.08,800,2024-10-04 05:00:02
43289,72,1011,0.0,1.54,340,20,17.1,15.42,16.19,801,2024-10-04 06:00:06
43290,63,1012,0.0,2.06,350,20,18.21,16.81,18.04,801,2024-10-04 07:00:03
43291,61,1012,0.0,2.06,330,40,19.81,19.3,19.46,802,2024-10-04 08:00:03
43292,56,1012,0.1,2.24,290,40,20.81,20.42,20.54,802,2024-10-04 09:00:02
43293,62,1012,0.1,7.2,300,75,19.81,19.3,19.32,803,2024-10-04 10:00:02
43294,60,1012,0.0,5.66,290,20,21.57,20.81,21.15,801,2024-10-04 11:00:04
43295,55,1011,0.0,5.66,300,20,22.12,21.53,21.62,801,2024-10-04 12:00:04
43296,47,1011,0.3,6.17,310,20,22.81,22.64,22.66,801,2024-10-04 13:00:04
43297,48,1010,0.1,6.69,310,20,23.21,22.12,22.91,801,2024-10-04 14:00:03
43298,47,1011,0.0,8.23,300,40,23.23,22.64,22.7,802,2024-10-04 15:00:02
43299,46,1011,0.0,6.17,310,40,22.1,21.57,22.01,802,2024-10-04 16:00:04
43300,50,1012,0.0,6.17,320,20,20.99,20.42,20.76,801,2024-10-04 17:00:02
43301,52,1013,0.0,5.66,330,20,19.88,19.3,19.67,801,2024-10-04 18:00:05
43302,54,1013,0.0,4.63,320,0,18.81,18.19,18.59,800,2024-10-04 19:00:02
43303,61,1014,0.0,3.09,330,0,18.23,16.81,17.45,800,2024-10-04 20:00:17
43304,61,1014,0.0,3.09,360,0,18.23,15.81,16.77,800,2024-10-04 21:00:01
43305,63,1014,0.0,3.6,330,0,17.68,15.81,16.37,800,2024-10-04 22:00:03
43306,64,1013,0.0,3.6,340,20,17.68,15.42,15.97,801,2024-10-04 23:00:02
43307,67,1013,0.0,3.6,350,0,17.68,14.81,15.69,800,2024-10-05 00:00:03
43308,62,1013,0.0,3.6,360,0,15.99,14.81,15.9,800,2024-10-05 01:00:02
43309,58,1013,0.0,2.24,294,1,15.99,15.42,15.99,800,2024-10-05 02:00:02
43310,64,1013,0.0,2.57,340,0,16.55,13.81,16.2,800,2024-10-05 03:00:02
43311,71,1013,0.0,3.09,360,0,17.12,14.3,15.11,800,2024-10-05 04:00:02
43312,71,1013,0.0,1.54,30,0,17.12,13.81,14.82,800,2024-10-05 05:00:10
43313,69,1013,0.0,0.89,5,32,15.99,14.86,15.48,802,2024-10-05 06:00:04
43314,76,1014,0.0,1.03,0,20,16.01,14.81,15.43,801,2024-10-05 07:00:02
43315,61,1014,0.0,2.24,292,97,19.34,18.75,19.06,804,2024-10-05 08:00:04
43316,56,1014,0.0,2.57,340,20,20.99,19.81,20.47,801,2024-10-05 09:00:02
43317,53,1014,0.0,4.12,360,40,21.81,20.42,20.82,802,2024-10-05 10:00:03
43318,46,1014,0.0,3.13,317,97,22.12,22.08,22.09,804,2024-10-05 11:00:03
43319,43,1013,0.0,6.69,340,40,22.81,22.08,22.52,802,2024-10-05 12:00:03
43320,43,1013,0.0,6.69,350,75,23.81,22.12,22.98,803,2024-10-05 13:00:09
43321,47,1013,0.0,6.69,350,75,22.81,22.1,22.48,803,2024-10-05 14:00:02
43322,48,1013,0.0,6.69,350,40,22.81,21.55,22.08,802,2024-10-05 15:00:02
43323,50,1013,0.0,6.69,360,40,21.81,21.53,21.62,802,2024-10-05 16:00:02
43324,54,1013,0.0,6.69,10,20,21.02,20.42,20.59,801,2024-10-05 17:00:02
43325,58,1014,0.0,4.12,10,40,19.9,19.3,19.67,802,2024-10-05 18:00:03
43326,61,1015,0.0,3.6,20,20,19.34,18.75,18.99,801,2024-10-05 19:00:03
43327,66,1015,0.0,2.06,340,0,18.77,16.81,18.03,800,2024-10-05 20:00:03
43328,63,1015,0.0,2.06,340,20,18.21,17.64,18.12,801,2024-10-05 21:00:02
43329,63,1015,0.0,1.54,30,0,18.21,16.81,18.04,800,2024-10-05 22:00:04
43330,63,1014,0.0,2.06,320,0,17.66,15.81,17.49,800,2024-10-05 23:00:02
43331,64,1014,0.0,1.54,360,20,17.66,14.81,17.49,801,2024-10-06 00:00:14
43332,67,1014,0.0,2.06,330,0,16.55,14.81,16.46,800,2024-10-06 01:00:02
43333,77,1014,0.0,2.06,360,0,15.99,12.68,15.19,800,2024-10-06 02:00:02
43334,80,1014,0.0,1.54,10,0,15.44,12.81,14.51,800,2024-10-06 03:00:03
43335,80,1013,0.0,1.54,350,0,14.88,11.81,14.01,800,2024-10-06 04:00:04
43336,88,1014,0.0,2.06,340,0,14.3,11.81,13.15,800,2024-10-06 05:00:02
43337,72,1014,0.0,3.09,350,20,14.88,11.81,14.71,801,2024-10-06 06:00:02
43338,63,1014,0.0,3.09,350,20,15.99,12.81,15.99,801,2024-10-06 07:00:03
43339,58,1014,0.0,0.89,339,23,18.77,18.19,18.77,801,2024-10-06 08:00:03
43340,55,1015,0.0,1.79,280,24,20.99,20.97,20.99,801,2024-10-06 09:00:04
43341,54,1014,0.0,2.06,320,0,22.66,21.81,22.42,800,2024-10-06 10:00:03
43342,53,1014,0.0,2.68,360,0,24.32,22.81,23.53,800,2024-10-06 11:00:02
43343,50,1014,0.0,3.09,220,0,24.81,23.19,24.09,800,2024-10-06 12:00:02
43344,48,1013,0.0,3.09,170,20,24.81,23.19,24.09,801,2024-10-06 13:00:03
43345,48,1012,0.0,4.63,200,20,24.81,22.64,23.7,801,2024-10-06 14:00:03
43346,55,1012,0.0,4.63,200,20,23.81,23.19,23.38,801,2024-10-06 15:00:02
43347,62,1013,0.0,4.63,190,20,23.81,22.64,22.98,801,2024-10-06 16:00:03
43348,69,1013,0.0,3.6,200,0,22.68,21.81,22.01,800,2024-10-06 17:00:02
43349,66,1013,0.0,2.57,150,0,22.1,20.81,22.01,800,2024-10-06 18:00:05
43350,67,1014,0.0,3.09,80,0,21.55,20.81,21.46,800,2024-10-06 19:00:02
43351,67,1014,0.0,2.57,70,0,20.99,20.42,20.9,800,2024-10-06 20:00:05
43352,68,1014,0.0,1.03,0,0,20.44,19.81,20.35,800,2024-10-06 21:00:10
43353,70,1014,0.0,1.54,100,0,19.88,19.81,19.88,800,2024-10-06 22:00:03
43354,72,1014,0.0,2.06,90,0,19.32,17.81,19.32,800,2024-10-06 23:00:02
43355,68,1014,0.0,0.72,165,11,19.32,16.57,19.32,801,2024-10-07 00:00:02
43356,68,1014,0.0,0.59,167,79,19.54,19.54,19.54,803,2024-10-07 01:00:02
43357,69,1014,0.0,0.69,150,84,19.47,19.47,19.47,803,2024-10-07 02:00:09
43358,71,1013,0.0,0.91,135,97,19.61,19.61,19.61,804,2024-10-07 03:00:05
43359,72,1013,0.0,0.99,158,98,19.69,19.69,19.69,804,2024-10-07 04:00:04
43360,74,1013,0.0,1.25,135,97,19.54,19.54,19.54,804,2024-10-07 05:00:03
43361,75,1014,0.0,1.13,134,92,19.84,19.84,19.84,804,2024-10-07 06:00:02
43362,70,1014,0.0,1.75,151,77,21.35,21.35,21.35,803,2024-10-07 07:00:02
43363,65,1015,0.0,2.91,149,47,22.59,22.59,22.59,802,2024-10-07 08:00:06
43364,61,1015,0.0,3.72,146,50,23.43,23.43,23.43,802,2024-10-07 09:00:05
43365,58,1015,0.0,4.29,141,55,23.89,23.89,23.89,803,2024-10-07 10:00:06
43366,57,1015,0.0,5.14,141,60,24.12,24.12,24.12,803,2024-10-07 11:00:06
43367,58,1014,0.0,5.89,141,66,23.84,23.84,23.84,803,2024-10-07 12:00:05
43368,61,1014,0.0,5.85,137,100,23.72,23.72,23.72,804,2024-10-07 13:00:03
43369,72,1014,0.0,5.66,160,0,26.57,24.3,24.91,800,2024-10-07 14:00:04
43370,76,1013,0.0,5.66,170,0,25.46,24.3,24.46,800,2024-10-07 15:00:02
43371,77,1013,0.0,4.63,170,0,24.9,23.75,23.78,800,2024-10-07 16:00:02
43372,76,1014,0.0,3.6,170,0,24.34,23.75,23.78,800,2024-10-07 17:00:02
43373,75,1013,0.0,3.09,180,0,23.98,22.81,23.34,800,2024-10-07 18:00:05
43374,76,1013,0.0,3.09,200,0,23.77,21.57,23.21,800,2024-10-07 19:00:02
43375,79,1013,0.0,4.12,180,0,23.77,22.02,23.47,800,2024-10-07 20:00:03
43376,81,1013,0.0,4.63,160,20,23.21,21.57,23.09,801,2024-10-07 21:00:02
43377,80,1013,0.0,5.66,160,20,23.77,22.12,23.49,801,2024-10-07 22:00:03
43378,75,1012,0.0,5.66,160,20,23.81,23.75,23.77,801,2024-10-07 23:00:02
43379,80,1011,0.0,4.63,160,40,23.81,22.68,23.56,802,2024-10-08 00:00:04
